id,incorrect_form,incorrect_placement,incorrect_whitespace,incorrect_use
347,0,0,0,0
1344,0,0,0,0
3272,1,3,6,0
4041,0,0,0,0
6435,0,0,0,0
6786,0,0,0,0
8770,0,0,0,0
8846,0,0,0,0
12271,0,0,0,0
14224,0,0,0,0
14436,0,3,19,0
15090,0,0,0,0
18156,0,1,7,9
19433,0,0,0,0
25018,0,0,0,0
25617,0,0,1,0
25780,0,4,0,0
25880,0,0,0,0
26620,0,0,1,0
32782,0,0,0,0
36896,0,0,0,0
40857,0,0,0,0
41310,1,0,0,0
45581,0,0,0,0
45698,0,0,0,0
46610,0,0,0,0
48812,0,0,0,0
48862,0,0,0,0
49054,0,0,0,0
50487,0,0,4,0
51698,0,0,0,0
52125,0,0,0,0
56411,0,0,0,0
58389,0,0,0,0
58425,0,0,0,0
58498,0,0,0,0
59240,0,0,0,0
60479,0,0,0,0
63623,0,0,0,0
64974,1,0,0,0
65867,0,0,0,0
67277,0,0,0,0
67569,0,0,0,0
68139,0,0,0,0
68623,0,0,0,0
68716,0,0,1,0
70503,0,0,0,0
70610,1,3,0,0
71242,0,0,0,0
71441,0,1,4,0
72039,0,4,1,0
72047,0,1,0,0
72094,0,9,11,0
72972,0,0,2,0
73240,0,0,0,0
73542,0,0,0,0
74316,0,0,0,0
74350,0,7,6,0
76035,0,0,0,0
76082,0,0,0,0
76143,0,0,0,0
77617,0,0,0,0
79717,0,0,0,0
80018,0,0,0,0
80340,0,0,0,0
82827,0,0,0,0
84248,0,0,0,0
84523,0,0,1,0
85204,0,1,1,0
85272,0,0,0,0
86057,0,0,0,0
89381,0,0,0,0
94894,0,0,0,0
96208,0,0,0,0
97590,0,0,0,0
97879,0,0,0,0
98553,1,0,0,0
102226,0,0,0,0
102636,0,0,0,0
104052,0,0,0,0
104078,0,0,0,0
109526,0,0,0,0
109677,0,0,0,0
111250,0,0,3,0
111449,0,0,0,0
111845,0,0,0,0
113012,0,0,0,0
114874,0,0,0,0
115226,0,0,0,0
117121,0,0,0,0
117291,0,2,2,0
119098,0,0,0,0
119974,0,0,0,0
120287,1,0,6,0
122065,0,0,0,0
124965,0,0,0,0
125027,1,0,1,0
130813,0,0,0,0
134000,0,0,0,0
134992,0,0,0,0
136478,0,0,0,0
137319,0,0,0,0
141903,0,0,0,0
142920,0,0,0,0
144004,1,0,0,0
146184,0,0,0,0
146266,0,0,0,0
146462,0,0,0,0
149503,1,4,1,0
149842,0,0,0,0
149962,0,0,0,0
150936,0,0,0,0
152120,0,0,0,0
152966,0,0,0,0
153936,0,0,0,0
156255,0,0,0,0
157532,0,0,0,0
157644,0,0,0,0
159144,0,0,0,0
161065,0,0,0,0
162217,0,0,0,0
162443,0,0,0,0
164589,0,0,0,0
164678,0,0,0,0
165588,0,0,1,0
166869,0,0,0,0
167947,0,0,0,0
168696,0,0,0,0
170161,1,0,2,0
171186,1,1,7,0
171562,0,0,0,3
171631,0,0,0,0
171856,2,2,0,0
172234,0,0,0,0
173074,0,0,0,0
173878,0,0,0,0
174519,0,0,0,0
181747,0,0,0,0
184428,0,0,0,0
185994,0,0,0,0
187522,0,0,0,0
187725,0,0,0,0
187877,0,0,0,0
187937,0,0,0,0
188174,0,0,0,0
189760,0,0,0,0
190078,0,0,0,0
190259,0,0,0,0
190787,0,0,0,0
192242,0,2,0,0
193219,0,0,0,0
193858,0,0,0,0
194626,0,0,0,0
195131,0,0,0,0
196360,0,1,6,0
196363,0,0,0,0
196585,0,0,0,0
196755,0,0,0,0
198539,0,0,0,0
198589,0,0,0,0
202158,0,0,0,0
205030,0,0,0,0
205879,0,0,0,0
206644,0,0,0,0
207928,0,0,0,0
207973,0,0,0,0
208506,0,0,0,0
209619,0,0,0,0
209620,0,0,0,0
210060,0,0,0,0
213222,0,0,0,0
213757,0,0,0,0
213768,0,0,0,0
214179,0,0,0,0
214209,0,0,0,0
215047,0,0,0,0
215661,0,0,0,0
216057,0,0,0,0
216468,0,0,2,0
216741,1,8,7,0
216942,0,3,8,0
217716,0,1,4,0
218133,0,0,0,0
218216,0,0,1,0
218267,0,0,0,0
218276,0,0,0,0
219120,0,0,0,0
219193,0,0,0,0
220100,0,0,0,0
221824,0,0,0,0
222096,0,0,0,0
222154,0,0,0,0
222386,0,0,0,0
223004,0,0,0,0
223756,0,0,0,0
225854,3,0,2,0
225992,0,0,2,0
227885,0,0,0,0
227900,0,0,0,0
228112,0,0,0,0
228510,0,0,0,0
229675,0,0,0,0
229925,0,0,0,0
231538,0,0,0,0
232249,0,0,0,0
232609,0,6,1,0
235725,0,0,1,0
235747,0,0,0,0
236250,0,0,0,0
236743,0,0,0,0
238327,0,0,0,0
239175,0,0,0,0
240610,0,0,0,0
240800,0,0,0,0
241648,1,2,0,0
241668,0,0,0,0
242409,0,1,0,0
242600,1,0,0,0
243543,0,0,0,0
246109,0,0,0,0
246350,0,0,0,0
246502,0,0,0,0
246513,0,0,0,0
247318,0,0,0,0
248282,0,0,0,0
250288,0,0,0,0
250368,0,0,1,0
250603,0,0,0,0
252013,0,0,0,0
252021,0,0,0,0
252854,0,0,0,0
254235,0,0,0,0
254333,0,0,0,0
254611,0,0,0,0
255494,0,0,0,0
256013,0,0,0,0
256014,0,0,0,0
256209,0,0,0,0
256442,0,0,0,0
256735,0,0,0,0
257558,0,0,0,0
257615,0,0,0,0
257929,0,0,0,0
257937,0,0,1,0
257957,0,0,0,0
258129,0,0,0,0
258914,0,0,0,0
259330,0,0,0,0
259590,0,0,0,0
259662,0,0,0,0
260032,0,0,0,0
260404,0,0,0,0
260545,0,0,0,0
260586,0,0,0,0
261308,0,1,0,0
261568,0,0,0,0
261797,0,0,0,0
262420,0,0,0,0
262617,0,1,0,0
262838,0,0,0,0
263071,0,0,0,0
264032,0,0,0,0
264145,0,0,1,0
264998,0,0,0,0
265462,1,2,10,0
266176,0,0,0,0
266389,0,0,0,0
267196,0,0,0,0
267863,0,0,0,0
270030,0,1,3,0
270405,0,0,0,0
270701,0,0,0,0
271812,0,1,0,0
272997,0,0,0,0
273523,0,0,0,0
274149,0,3,0,0
274289,0,0,0,0
274566,0,0,0,0
275206,0,0,0,0
275326,0,0,0,0
275692,0,0,0,0
275867,0,0,0,0
275955,0,0,1,0
276288,0,0,0,0
277618,0,0,0,0
278920,0,0,0,0
279084,0,0,0,0
280180,0,0,4,0
284343,0,0,2,0
285882,0,2,0,0
286431,0,0,0,0
288146,0,0,0,0
288489,0,1,0,0
289596,0,0,0,0
289625,0,0,0,0
289645,0,0,0,0
289997,0,0,0,0
290407,0,0,0,0
292398,1,0,0,0
292430,0,0,0,0
292439,2,7,0,0
292793,0,0,0,0
293908,0,0,0,0
294151,0,0,0,0
294402,0,0,0,0
294404,0,0,0,0
294521,0,0,0,0
294527,0,0,0,0
294760,0,0,0,0
294769,0,0,0,0
294801,0,0,0,0
296185,0,1,0,0
298166,0,0,0,0
298486,2,6,0,0
298713,0,0,0,0
298788,0,0,0,0
299436,0,0,0,0
300140,0,0,0,0
300538,0,0,0,0
302066,0,0,0,0
302490,0,0,0,0
303021,0,0,0,0
303233,0,0,0,0
303597,0,0,0,0
303927,5,0,0,0
304545,0,0,0,0
305599,0,0,0,0
305632,2,0,0,0
306254,0,0,0,0
306256,0,0,7,0
306382,0,0,0,0
306547,0,0,0,0
307070,0,0,0,0
307760,0,0,0,0
307868,0,0,0,0
308792,0,0,0,0
309317,0,0,0,0
310543,0,0,0,0
310722,0,0,0,0
311379,11,1,0,0
311429,0,0,0,0
311864,0,0,0,0
311902,0,0,0,0
312345,0,0,0,0
312560,0,0,0,0
313205,0,0,0,0
313261,0,0,1,0
313560,0,0,0,0
314579,0,0,0,0
314792,0,0,0,0
315136,1,3,4,0
315166,1,0,0,0
316136,0,2,3,0
316268,0,0,0,0
317055,0,1,0,0
317102,0,0,0,0
317106,0,0,0,0
317221,0,1,0,0
317709,2,0,4,0
317886,0,0,0,0
318320,0,0,3,0
318470,0,0,0,0
318919,0,0,0,0
319481,0,0,0,0
320278,0,2,0,0
321497,0,0,0,0
321507,0,0,2,0
321544,0,0,0,0
322371,0,0,0,0
322734,0,0,0,0
322821,0,0,0,0
323287,0,0,0,0
323686,0,0,0,0
323745,0,1,0,0
324224,0,0,0,0
325415,0,0,0,0
325461,0,0,0,0
325733,0,0,0,0
327167,1,0,2,0
327599,0,2,0,0
328236,0,0,0,0
328649,0,0,0,0
328965,0,0,0,0
329023,0,0,0,0
329301,0,0,0,0
330920,0,0,0,0
331211,0,0,0,0
332240,0,0,0,0
332576,0,0,0,0
332677,0,5,0,0
332819,0,0,0,0
333917,0,0,0,0
336051,0,0,4,0
336669,0,0,0,0
338195,0,0,0,0
338303,0,3,4,0
349040,0,0,0,0
349621,0,0,0,0
350147,0,0,0,0
351679,0,0,1,0
351690,0,0,0,0
351903,0,0,0,0
352358,0,0,0,0
353467,0,0,0,0
353552,0,0,0,0
353555,1,18,2,0
353648,0,0,0,0
354216,0,0,0,0
354426,0,0,0,0
354864,0,0,2,0
355332,0,1,0,0
356180,0,0,0,0
356246,0,0,0,0
356257,0,0,0,0
356497,0,0,0,0
357797,0,0,0,0
359234,0,0,0,0
360263,0,0,0,0
361049,0,0,0,0
362088,0,0,0,0
362289,0,0,0,0
362294,0,0,0,0
362350,1,0,1,0
362618,0,0,0,0
362779,0,0,0,0
362853,0,0,0,0
362883,0,1,2,0
362916,0,0,0,0
363153,0,0,0,0
363708,0,0,0,0
363838,0,0,1,0
364761,0,0,0,0
364901,0,0,0,0
365085,0,0,0,0
365375,0,0,0,0
365799,0,0,0,0
366010,0,0,0,0
366377,0,0,0,0
366508,0,0,0,0
366555,0,0,0,0
367555,0,0,0,0
367668,0,0,0,0
367999,0,0,0,0
368152,0,0,0,0
368153,0,0,0,0
368465,0,0,0,0
368627,0,0,0,0
368831,0,0,0,0
369126,0,0,0,0
369547,0,0,0,0
369737,0,0,0,0
369866,0,0,0,0
369872,0,0,0,0
371589,0,0,0,0
371893,0,0,0,0
371909,0,0,2,0
373124,0,0,0,0
373326,0,0,0,0
375024,0,0,0,0
376195,0,0,1,0
377307,0,0,0,0
377516,0,0,0,0
378014,0,0,0,0
378929,0,0,0,0
380522,0,0,0,0
380666,1,0,0,0
381807,2,0,3,0
382163,0,0,0,0
382264,0,0,0,0
382756,0,0,1,0
383013,0,0,0,0
383015,0,0,0,0
383618,0,0,0,0
384098,4,3,14,0
384110,0,0,0,0
384401,0,0,0,0
384570,0,0,0,0
384628,0,1,3,0
384648,0,1,0,0
384974,0,0,0,0
385469,0,0,0,0
385814,0,0,0,0
386032,0,0,0,0
386253,0,0,0,0
387161,0,0,0,0
387316,0,0,0,0
387348,0,0,6,0
387414,0,0,0,0
388614,0,0,0,0
390126,0,0,0,0
390814,0,0,0,0
391070,0,0,0,0
391214,0,0,0,0
391891,0,0,0,0
391902,0,1,2,0
392210,0,0,0,0
393170,0,0,0,0
393654,0,0,0,0
395790,1,0,2,1
396012,0,0,1,0
396047,0,0,0,0
396050,0,0,0,0
396109,0,0,0,0
396167,0,0,0,0
396550,0,0,0,0
396703,0,0,0,0
396722,0,0,1,0
397333,0,0,0,0
397840,0,0,0,0
397847,0,0,0,0
397943,0,0,0,0
398848,0,2,0,0
398874,1,0,0,0
398940,0,0,0,0
400117,0,0,0,0
400350,0,0,0,0
400575,0,0,0,0
400603,0,1,2,0
400834,0,0,0,0
401053,0,0,0,0
401213,0,0,0,0
401221,0,0,0,0
402220,0,0,0,0
402769,0,0,0,0
403222,0,0,0,0
403301,0,0,0,0
403303,0,0,0,0
403733,0,0,0,0
404463,0,0,0,0
404613,0,0,8,0
405416,0,0,0,0
406509,0,0,0,0
407290,0,2,0,0
408576,0,0,0,0
410397,0,0,0,0
410778,0,0,0,0
410929,1,0,0,0
411377,0,0,0,0
411382,0,0,5,0
411401,0,0,0,0
411880,0,0,0,0
412002,0,0,0,0
413022,2,1,3,0
413047,2,0,2,0
413063,0,0,0,0
413195,0,0,0,0
413224,0,0,0,0
413225,0,0,0,0
413405,2,0,0,0
413529,0,5,8,0
413739,0,0,0,0
413884,1,1,0,0
414012,0,0,0,0
414139,0,0,0,0
414195,0,0,0,0
414302,0,0,0,0
414329,0,0,0,0
414453,1,0,0,0
414705,0,0,0,0
414713,0,0,0,0
414870,0,0,0,0
414996,1,0,0,0
415291,0,0,0,0
415331,0,0,0,0
415440,0,0,0,0
415484,0,0,0,0
415637,0,0,0,0
415671,0,0,0,0
415708,0,0,0,0
415711,0,0,0,0
415713,0,0,0,0
415862,0,0,2,0
415983,0,0,0,0
416316,0,0,0,0
416442,0,0,0,0
416476,0,0,0,0
416496,0,0,0,0
416621,0,0,0,0
416692,0,0,0,0
416772,0,0,0,0
416808,0,0,1,0
416866,1,0,1,0
417133,0,0,0,0
417549,0,0,0,0
417684,0,0,0,0
417696,0,0,0,0
417818,0,2,0,0
417920,0,0,0,0
418096,0,0,0,0
418106,0,0,0,0
418187,0,0,0,0
418190,0,0,1,0
418486,0,0,0,0
418504,0,0,2,0
418571,1,0,0,0
418583,0,0,0,0
418596,0,0,0,0
418666,0,0,0,0
418751,0,0,0,0
418845,0,0,0,0
419034,0,0,0,0
419060,0,0,0,0
419370,0,0,0,0
419553,0,0,0,0
419592,0,0,0,0
419690,0,0,0,0
419701,0,0,0,0
420090,0,0,0,0
420094,0,0,2,0
420100,0,0,0,0
420217,1,0,6,0
420281,0,0,0,0
420379,0,0,0,0
420653,0,0,0,0
420700,0,0,1,2
420716,0,0,0,0
420876,0,0,1,0
420927,0,0,4,0
420957,0,0,0,0
422126,0,0,0,0
422127,2,1,6,0
422150,0,0,2,0
422622,0,0,0,0
422750,0,0,0,0
422802,0,0,0,0
422806,0,0,0,0
422865,0,0,0,0
423131,0,0,0,0
423285,1,0,9,0
423291,1,0,3,0
423351,0,0,0,0
423458,0,0,0,0
423595,0,0,0,0
423656,0,0,0,0
423668,0,0,0,0
423839,0,0,1,0
424222,0,0,0,0
424621,0,0,0,0
424741,0,0,0,0
424770,0,0,0,0
424837,0,0,10,0
424891,0,0,0,0
425092,0,0,0,0
425245,0,0,0,0
425355,0,0,0,0
425485,0,1,0,0
425488,0,0,0,0
425554,0,0,0,0
425578,0,0,0,0
425587,0,0,0,0
425653,0,0,0,0
425671,0,0,0,0
425705,0,0,0,0
425753,0,0,0,0
425782,0,1,3,0
425991,0,0,0,0
426250,0,0,0,0
426319,0,0,2,0
426357,0,1,0,0
426566,0,0,0,0
426632,0,1,1,0
426750,0,0,0,0
426805,0,0,0,0
426832,0,0,0,0
426906,0,0,0,0
427004,0,0,0,0
427065,0,0,0,0
427237,0,0,0,0
427238,7,0,5,0
427247,0,0,0,0
427296,0,0,0,0
427359,0,0,0,0
427365,0,0,0,0
427462,0,0,0,0
427467,0,0,0,0
427558,0,0,3,0
427583,0,0,0,0
427601,0,0,0,0
427658,0,0,0,0
427782,0,0,0,0
427862,0,0,0,0
427868,0,0,0,0
428106,0,0,0,0
428110,0,0,0,0
428198,0,0,2,0
428237,4,0,0,0
428470,0,0,0,0
428471,0,0,0,0
428523,0,1,0,0
428678,0,0,0,0
428687,0,0,3,0
428717,0,1,0,0
428790,0,0,0,0
428837,0,0,2,0
428842,0,0,0,0
428906,0,0,0,0
429031,0,0,0,0
429053,0,0,0,0
429144,3,0,6,0
429306,0,0,0,0
429382,0,0,0,0
429864,0,0,0,0
430007,0,0,0,0
430207,0,0,0,0
430246,0,0,0,0
430349,0,0,0,0
430429,0,0,0,0
430662,0,0,0,0
430978,0,0,0,0
431039,0,0,0,0
431042,0,0,0,0
431150,0,0,4,0
431170,0,0,0,0
431221,0,0,0,0
431230,1,0,0,0
431311,0,0,0,0
431432,0,0,0,0
431451,0,0,0,0
431507,0,0,0,0
431526,0,0,0,0
431530,1,0,0,0
431535,0,0,0,0
431586,0,0,0,0
431678,0,0,2,0
431807,0,0,0,0
431835,0,0,0,0
431955,1,0,0,0
431977,0,0,0,0
432051,0,3,0,0
432095,0,0,0,0
432097,0,0,0,0
432189,0,0,2,0
432241,0,0,0,0
432417,0,0,0,0
432739,0,0,0,0
433022,1,2,12,0
433129,0,0,1,0
433221,0,0,0,0
433286,0,0,0,0
433299,0,0,0,0
433400,0,0,0,0
433458,0,0,4,0
433615,2,1,5,3
433736,0,0,0,0
433873,0,0,0,0
434033,0,0,0,0
434039,0,2,5,0
434160,0,0,0,0
434429,0,0,0,0
434773,0,0,0,0
434803,0,0,0,0
434905,0,0,0,0
434959,0,0,0,0
434995,0,0,0,0
435019,0,0,0,0
435079,0,0,2,0
435160,0,0,1,0
435263,0,0,0,0
435501,0,0,0,1
435525,0,0,0,0
435761,0,0,0,0
435849,0,0,0,0
436494,0,0,0,0
436546,0,0,0,0
436649,0,0,0,0
436824,0,0,0,0
437125,0,0,0,0
437219,0,2,2,0
437221,0,0,0,0
437596,0,0,0,0
437629,0,0,0,0
437683,0,0,0,0
437705,0,0,0,0
437787,0,0,0,0
437825,0,0,0,0
437841,0,0,0,0
438124,0,0,2,0
438147,0,0,2,0
438200,0,0,0,0
438240,1,0,15,0
438308,0,0,0,0
438521,0,0,0,0
438692,0,0,0,0
438875,0,0,0,0
438912,0,0,0,0
438962,0,0,0,0
439359,0,0,0,0
439508,0,0,0,0
439519,0,0,0,0
439613,0,0,0,0
440007,0,0,0,0
440050,0,0,0,0
440085,0,0,0,0
440441,0,0,0,0
440523,0,3,0,0
440597,0,0,0,0
441644,0,0,0,0
441665,0,0,0,0
441669,0,0,0,0
441762,0,0,3,0
441823,0,0,0,0
441835,0,0,0,0
442058,0,0,0,0
442219,0,0,2,0
442252,0,1,3,0
442326,0,0,0,0
442334,1,0,1,0
442365,0,0,1,0
442367,0,0,0,0
442370,0,0,0,0
442399,0,0,0,0
442400,0,0,0,0
442550,0,0,0,0
442699,0,0,0,0
442774,0,0,0,0
442806,0,0,0,0
442833,2,0,1,0
442869,0,0,0,0
442884,1,2,5,0
442909,0,1,2,0
442954,0,0,0,0
443230,2,0,1,0
443244,0,8,3,0
443303,0,0,3,0
443346,0,0,0,0
443348,0,0,0,0
443412,0,0,0,0
443415,0,0,0,0
443422,0,0,0,0
443427,0,0,0,0
443428,0,0,0,0
443488,0,0,0,0
443550,0,0,0,0
443575,0,0,0,0
443657,0,0,3,0
443818,0,0,0,0
443911,0,0,0,0
443990,0,0,0,0
444078,0,0,0,0
444170,0,0,0,0
444274,0,0,0,0
444313,0,0,1,0
444408,0,0,0,0
444454,0,0,0,0
444503,0,0,0,0
444508,0,0,0,0
444510,0,0,4,0
444625,0,2,0,0
444693,0,0,0,0
444753,0,0,3,0
444795,0,0,4,0
444815,0,0,0,0
444828,0,0,0,0
444833,0,1,0,0
444940,0,0,0,0
444954,0,0,0,0
445148,0,0,0,0
445189,0,0,0,0
445190,0,0,0,0
445290,0,0,0,0
445390,0,0,0,0
445583,0,0,0,0
445629,0,0,0,0
445651,0,0,0,0
445728,0,0,0,0
445779,0,0,0,0
445801,1,0,3,0
445831,0,0,0,0
445856,0,0,0,0
445906,0,0,0,0
445939,0,0,4,0
445951,0,0,2,0
445993,0,0,3,0
446087,0,0,0,0
446165,0,0,0,0
446178,0,0,0,0
446242,0,0,0,0
446270,0,0,0,0
446306,0,0,5,0
446368,0,0,0,0
446583,0,1,1,0
446799,0,0,0,0
446855,1,0,1,0
446901,0,0,0,0
446914,0,0,0,0
446933,1,2,3,0
446989,0,0,1,0
447011,0,0,0,0
447061,0,0,0,0
448093,0,0,0,0
448162,0,0,0,0
448192,0,0,0,0
448193,0,0,0,0
448295,0,0,0,0
448310,1,0,1,0
448357,0,0,0,0
448358,0,0,0,0
448389,0,0,0,0
448512,0,0,0,0
448515,0,0,0,0
448551,0,0,0,0
448624,0,0,0,0
448813,0,0,6,0
448944,0,0,0,0
448965,0,0,0,0
449070,0,0,0,0
449086,0,0,0,0
449139,0,0,0,0
449169,0,0,0,0
449190,2,0,2,0
449199,0,0,12,0
449209,0,0,0,0
449236,0,0,0,0
449251,0,0,0,0
449310,0,0,0,0
449389,0,0,0,0
449437,0,0,0,0
449461,0,0,0,0
449644,0,0,0,0
449665,0,0,2,0
450056,0,0,0,0
450177,0,0,0,0
450331,0,0,0,0
450453,0,0,0,0
450458,0,0,0,0
450468,0,0,0,0
450503,0,0,0,0
450558,0,0,0,0
450649,0,0,0,0
450851,0,0,0,0
450863,0,0,0,0
450979,0,0,0,0
451045,0,0,0,0
451080,0,0,0,0
451111,0,0,0,0
451292,0,0,0,0
451294,0,0,2,0
451322,0,0,0,0
451334,0,0,0,0
451373,0,0,0,0
451465,0,0,0,0
451741,0,0,0,0
451905,0,0,0,0
451929,0,0,0,0
452000,0,0,0,0
452088,0,0,0,0
452142,0,0,0,0
452202,0,0,0,0
452216,0,0,0,0
452269,0,2,2,0
452445,0,0,0,0
452463,0,0,0,0
452472,0,0,0,0
452640,0,0,0,0
452657,0,0,0,0
452816,0,0,0,0
452855,0,0,0,0
453165,0,0,0,0
453171,0,0,0,0
453174,0,0,0,0
453268,0,0,0,0
453318,0,0,4,0
453984,0,0,0,0
454827,1,0,15,1
454878,0,0,0,0
455019,0,0,0,0
455237,0,0,2,0
455476,0,0,0,0
455483,0,0,0,0
455498,0,0,0,0
455767,0,0,0,0
455975,0,0,0,0
456002,0,0,0,0
456460,0,0,0,0
456479,0,0,0,0
456620,0,0,0,0
456734,0,0,0,0
456760,0,0,0,0
456876,0,2,9,0
457016,0,0,0,0
457206,0,0,2,0
457281,0,0,0,0
457285,0,0,0,0
457453,0,0,0,0
457544,0,0,0,0
457672,0,0,0,0
457681,0,0,0,0
457787,0,0,0,0
457788,0,0,0,0
457791,0,0,0,0
457801,0,0,0,0
457815,0,0,0,0
457847,0,0,0,0
457850,0,0,0,0
457859,0,0,0,0
457900,0,0,0,0
457905,0,0,0,0
457956,0,0,0,0
458006,0,0,0,0
458023,0,0,0,0
458056,0,0,0,0
458114,0,0,0,0
458180,0,0,1,0
458353,0,0,0,0
458403,0,0,0,0
458636,0,0,0,0
458829,0,0,0,0
458854,0,0,0,0
458868,1,1,12,0
458876,0,0,0,0
458877,0,0,0,0
459140,1,0,4,0
459199,0,0,0,0
459210,0,0,0,0
459215,0,2,0,0
459274,0,0,0,0
459358,0,0,0,0
459405,2,0,2,0
459991,0,0,0,0
460076,0,0,0,0
460340,1,0,2,0
460360,0,0,0,0
460400,0,0,0,0
460409,0,0,0,0
460636,0,0,0,0
460726,0,2,1,0
460759,0,1,2,0
460804,0,0,0,0
460982,0,0,0,0
461018,0,0,0,0
461088,0,0,0,0
461159,0,0,0,0
461200,0,0,0,0
461255,0,0,0,0
461431,0,2,0,0
461436,0,0,0,0
461440,0,0,0,0
461456,0,0,0,0
461465,0,0,0,0
461506,0,0,0,0
461605,0,0,0,0
461610,0,0,0,0
461719,1,0,0,0
461747,0,0,0,0
461862,0,0,0,0
461863,0,0,0,0
461913,0,0,0,0
461915,1,0,0,0
462024,0,0,0,0
462178,0,0,0,0
462215,0,0,0,0
462239,1,0,0,0
462287,0,0,0,0
462373,0,0,0,0
462447,3,5,13,0
462491,1,0,0,0
462504,0,0,0,0
462508,0,0,0,0
462523,0,0,2,0
462625,0,0,0,0
462691,0,0,0,0
462747,0,0,3,0
462752,2,0,1,0
463285,0,0,1,0
463292,0,0,2,0
463402,0,0,0,0
463454,0,0,0,0
463469,0,0,0,0
463477,0,0,0,0
463493,0,0,0,0
463526,0,0,0,0
463527,0,2,6,0
463547,0,0,0,0
463548,0,0,0,0
463634,7,1,5,0
463636,1,0,0,0
463783,0,6,6,0
463812,0,0,0,0
464186,0,0,0,0
464190,0,0,1,0
464232,0,0,0,0
464377,0,0,0,0
464419,0,0,0,0
464453,0,0,0,0
464517,0,0,0,0
464523,0,0,0,0
464653,0,0,0,0
464750,0,0,0,0
464871,0,0,0,0
464931,0,0,0,0
464932,0,0,0,0
464942,1,0,2,0
465049,0,0,0,0
465341,0,0,0,0
465488,0,0,0,0
465642,0,0,5,0
465893,0,0,0,0
466101,0,0,0,0
466169,0,0,0,0
466200,0,1,0,0
466245,0,0,0,0
466412,0,0,1,0
466576,3,0,3,0
466677,1,0,0,0
466697,0,0,0,0
466758,0,0,1,0
466794,0,0,0,0
466801,0,0,0,0
466997,0,0,0,0
467057,0,0,0,0
467209,0,0,0,0
467242,0,0,0,0
467696,0,0,0,0
467760,0,0,0,0
467860,0,0,0,0
467887,0,0,0,0
467901,0,0,0,0
467919,0,0,0,0
468028,0,1,0,0
468079,0,0,0,0
468085,0,0,0,0
468274,0,0,0,0
468299,0,0,0,0
468300,0,0,0,0
468509,0,0,0,0
468525,0,0,0,0
468543,0,0,9,0
468645,0,0,0,0
468811,0,0,0,0
468843,0,0,0,0
469089,0,0,1,0
469197,0,0,1,0
469224,0,0,0,0
469440,0,0,0,0
470073,1,0,1,0
470087,0,0,0,0
470623,1,0,6,0
470662,0,0,0,0
470711,0,0,0,0
470745,0,0,0,0
470923,0,0,0,0
471023,0,0,0,0
471278,0,0,0,0
471469,0,0,0,0
471630,0,0,0,0
471764,0,0,0,0
472130,0,0,0,0
472235,0,0,0,0
472324,0,0,0,0
472355,0,0,0,0
472382,0,0,0,0
472458,0,0,0,0
473010,0,0,0,0
473068,0,0,0,0
473080,0,0,1,0
473449,0,0,0,0
473547,0,1,1,0
473599,0,0,0,0
473652,0,0,0,0
473666,0,0,0,0
474053,0,0,0,0
474287,0,0,0,0
474401,0,0,0,0
474622,0,0,0,0
474710,0,0,0,0
474731,0,0,0,0
474739,0,0,0,0
474790,0,0,1,0
474884,0,0,1,0
474886,0,0,0,0
474987,0,1,0,0
475067,0,0,0,0
475119,0,0,0,0
475268,0,0,0,0
475272,0,0,0,0
475522,0,0,0,0
475542,0,0,1,0
475603,1,2,21,0
475972,0,0,0,0
476019,0,0,0,0
476079,0,0,0,0
476087,0,0,3,0
476114,0,0,0,0
476128,0,0,0,0
476229,0,0,1,0
476289,0,0,2,0
476453,0,0,0,0
476483,0,0,0,0
476518,0,0,0,0
476588,0,0,0,0
476624,0,0,0,0
476682,0,0,0,0
476796,0,0,0,0
476812,0,0,0,0
476842,0,0,0,0
476897,2,0,7,0
476993,0,0,0,0
477060,0,0,0,0
477090,0,0,0,0
477111,0,0,0,0
477275,0,1,0,0
477400,0,0,0,0
477426,0,2,0,0
477458,0,0,0,0
477616,0,0,0,0
477889,0,0,0,0
478135,0,0,0,0
478136,0,0,0,0
478160,0,0,6,0
478295,0,0,0,0
478374,0,0,0,0
478384,0,0,0,0
478434,0,0,0,0
478491,0,0,0,0
478597,0,0,0,0
479046,0,0,0,0
479201,0,0,0,0
479285,0,0,1,0
479386,0,2,2,0
479392,2,0,2,0
479438,0,0,0,0
479532,0,0,0,0
479537,0,0,0,0
479551,0,0,0,0
479655,0,0,0,0
479820,0,0,0,0
479846,0,0,0,0
479934,0,0,0,0
479943,0,0,0,0
479999,0,0,0,0
480222,0,0,0,0
480248,0,1,0,0
480463,1,1,0,0
480957,0,0,0,0
481011,0,0,0,0
481040,0,0,0,0
481099,0,0,3,0
481127,0,0,0,0
481154,0,0,0,0
481217,0,0,0,0
481240,0,1,0,0
481249,0,0,0,0
481446,0,0,0,0
481450,0,0,0,0
481460,0,5,0,0
481493,0,0,0,0
481497,0,0,0,0
482036,0,0,0,0
482047,0,0,0,0
482073,0,0,0,0
482117,0,0,0,0
482165,0,0,0,0
482285,0,0,0,0
482321,0,0,0,0
482357,0,0,0,0
482704,0,1,1,0
482874,0,0,0,0
482964,0,0,6,0
483181,0,0,0,0
483309,0,0,0,0
483335,0,0,0,0
483354,0,0,0,0
483487,0,0,0,0
483713,0,0,0,0
483897,0,0,0,0
484044,0,0,0,0
484275,0,0,0,0
484358,0,0,0,0
484470,0,0,0,0
484570,0,0,0,0
484595,0,0,1,0
484615,0,0,0,0
484726,0,0,0,0
484739,0,0,0,0
484847,0,0,0,0
484982,0,0,0,0
485027,0,0,0,0
485033,0,0,0,0
485192,0,0,0,0
485360,0,0,0,0
485394,0,0,0,0
485433,0,0,9,0
485670,0,0,0,0
485707,0,0,0,0
485814,0,0,0,0
485826,0,0,0,0
485839,0,1,0,0
486164,0,0,0,0
486310,0,0,0,0
486317,0,0,0,0
486369,0,0,0,0
486516,0,0,0,0
486576,0,0,0,0
486772,0,0,0,0
486804,0,0,0,0
486869,0,0,0,0
486950,0,0,0,0
487027,0,0,0,0
487055,0,0,0,0
487060,0,0,0,0
487094,0,0,0,0
487129,1,1,2,0
487198,0,0,4,0
487266,0,0,0,0
487268,0,0,0,0
487269,0,0,0,0
488131,0,0,1,0
488425,0,0,0,0
488452,1,6,12,0
488742,0,0,0,0
488754,0,0,0,0
488785,0,0,0,0
488845,0,0,0,0
489024,0,0,0,0
489186,0,0,0,0
489313,0,0,0,0
489394,0,0,4,0
489398,0,0,0,0
489588,0,0,0,0
489592,0,0,0,0
489699,0,0,0,0
489783,0,0,0,0
489799,0,0,0,0
489870,0,0,0,0
490113,0,0,0,0
490224,0,0,0,0
490399,0,0,0,0
490459,0,0,0,0
490482,0,0,0,0
490500,0,1,0,0
490734,0,0,0,0
490779,0,0,0,0
490858,0,0,0,0
490878,0,0,1,0
490947,0,0,1,0
490964,0,0,0,0
491040,0,0,0,0
491185,0,2,7,0
491236,1,2,11,0
491266,0,0,0,0
491290,0,0,0,0
491567,0,0,0,0
491740,2,0,0,0
491987,0,0,0,0
492130,0,0,0,0
492172,0,0,0,0
492287,0,0,0,0
492297,0,0,0,0
492299,0,0,0,0
493534,0,0,0,0
493602,0,0,0,0
493806,0,0,0,0
494122,0,0,0,0
494144,0,0,0,0
494288,0,0,0,0
494441,0,0,0,0
494449,0,0,1,0
494553,0,0,0,0
494716,0,0,0,0
494768,0,1,2,0
494914,0,0,0,0
494920,1,1,2,0
494949,0,0,0,0
494984,0,0,20,0
495003,0,0,0,0
495042,0,0,0,0
495162,0,0,1,0
495287,0,0,0,0
495306,0,0,0,0
495465,0,0,0,0
495491,0,0,0,0
495560,0,0,0,0
495587,0,2,3,0
495647,0,2,4,0
495666,0,0,0,0
495905,0,0,0,0
496081,0,0,0,0
496517,0,0,0,0
496533,0,0,0,0
496685,0,0,0,0
496700,0,0,0,0
496797,0,0,0,0
496929,0,0,0,0
496936,0,0,0,0
497157,0,0,0,0
497374,0,3,2,0
497456,0,0,0,0
497589,0,0,0,0
497634,2,0,0,0
497683,1,0,2,0
497727,0,0,0,0
498006,0,0,0,0
498096,0,0,0,0
498105,0,1,1,0
498133,0,0,0,0
498255,0,1,0,0
498359,0,0,0,0
498426,0,0,0,0
498509,0,6,0,0
498549,0,0,0,0
498632,0,0,0,0
498636,0,0,2,0
498720,0,0,0,0
498724,0,0,0,0
498745,0,0,0,0
498782,0,0,0,0
498784,0,0,1,0
498796,0,0,0,0
498806,0,0,0,0
498826,0,0,0,0
498831,0,0,0,0
498869,0,0,0,0
498871,0,0,0,0
498995,2,0,0,0
499214,0,0,0,0
499405,0,0,0,0
499485,0,0,0,0
499506,0,0,0,0
499664,0,0,0,0
499754,2,0,0,0
499797,0,0,0,0
499875,0,0,2,0
499897,1,1,11,0
499961,0,0,0,0
500056,0,0,0,0
500124,0,0,0,0
500136,0,0,11,0
500140,0,0,0,0
500165,0,0,1,0
500308,1,0,0,0
500347,0,0,0,0
500471,0,0,1,0
500657,0,0,0,0
500737,1,0,0,0
500754,0,0,0,0
500824,0,0,0,0
500826,1,0,0,0
501056,0,0,1,0
501067,0,0,0,0
501131,0,0,3,0
501161,0,0,0,0
501235,0,0,0,0
501236,4,0,6,0
501432,0,0,0,0
501513,0,0,0,0
501648,0,0,0,0
501772,0,0,0,0
501774,0,1,0,0
501778,1,0,0,0
501779,0,0,0,0
501830,0,0,0,0
501938,0,0,0,0
501978,0,0,0,0
502001,0,0,0,0
502097,0,0,0,0
502134,0,0,0,0
502141,0,0,0,0
502181,0,0,0,0
502189,0,0,0,0
502193,0,0,0,0
502371,0,0,0,0
502676,0,0,0,0
503229,0,0,0,0
503425,2,0,0,3
503429,0,0,0,0
503440,0,0,0,0
503442,0,0,0,0
503524,0,0,0,0
503531,0,0,0,0
503589,0,0,0,0
503680,0,0,0,0
503717,0,0,0,0
503754,0,0,0,0
503761,0,1,0,0
504015,0,0,0,0
504061,0,0,0,0
504122,0,0,0,0
504226,0,0,0,0
504370,0,0,0,0
504405,0,0,0,0
504528,7,0,2,0
504830,0,0,0,0
504883,0,0,0,0
504972,0,0,0,0
504986,0,0,0,0
505024,0,0,0,0
505039,0,0,0,0
505089,2,5,30,0
505366,0,0,0,0
505369,0,0,0,0
505434,0,0,0,0
505489,0,0,0,0
505547,0,0,0,0
505645,0,0,0,0
505683,0,0,0,0
505761,0,0,1,0
505776,0,0,0,0
505997,0,0,0,0
506066,0,0,3,0
506088,0,0,0,0
506168,0,0,2,0
506174,0,0,0,0
506254,0,0,0,0
506368,0,0,0,0
506451,0,0,0,0
506477,0,3,0,0
506479,0,0,0,0
506518,3,0,0,0
506824,0,0,0,0
506827,0,0,0,0
506943,0,0,0,0
507094,0,0,0,0
507146,0,0,0,0
507341,0,0,0,0
507358,0,0,2,0
507411,0,3,2,0
507414,0,0,0,0
507468,0,0,0,0
507506,0,0,0,0
507551,0,0,0,0
507562,0,0,0,0
507568,0,0,0,0
507686,0,0,0,0
507689,0,0,0,0
507769,0,0,0,0
507820,0,0,0,0
508062,0,0,0,0
508093,0,0,0,0
508153,3,0,1,0
508187,0,1,0,0
508270,0,0,0,0
508272,0,0,0,0
508412,0,0,0,0
508442,2,0,2,0
508494,0,0,0,0
508605,0,0,2,0
508611,0,0,2,0
508759,0,0,0,0
508780,0,0,0,0
508804,0,0,0,0
508871,0,0,0,0
508881,0,0,0,0
508901,0,0,0,0
509045,0,0,0,0
509063,0,0,1,0
509189,0,0,0,0
509223,0,0,0,0
509272,0,0,0,0
509284,0,0,0,0
509299,0,2,0,0
509306,0,0,0,0
509450,0,3,0,0
509524,0,0,0,0
509543,0,0,0,0
509594,0,0,0,0
509623,0,0,0,0
509628,0,0,0,0
509684,0,0,0,0
509686,0,0,0,0
509731,0,0,0,0
509805,0,0,0,0
509810,0,0,4,0
509993,0,0,0,0
510014,0,0,1,0
510044,0,0,0,0
510421,0,0,0,0
510439,0,0,0,0
510449,0,0,0,0
510494,0,0,0,0
510502,0,0,0,0
510505,0,0,0,0
510515,0,0,0,0
510682,0,0,0,0
510730,0,0,2,0
510753,1,0,0,0
510756,0,0,0,0
510846,0,0,0,0
510874,0,0,0,0
510927,0,0,0,0
510960,0,0,0,0
511055,0,0,0,0
511071,0,0,1,0
511079,0,0,0,0
511081,0,0,0,0
511183,0,0,2,0
511195,0,0,0,0
511201,0,0,0,0
511210,0,0,0,0
511218,2,0,0,0
511219,0,0,0,0
511232,0,0,0,0
511363,0,0,3,0
511454,0,0,1,0
511486,1,3,16,2
511712,0,0,0,0
511733,0,0,0,0
511770,0,0,0,0
511821,0,0,0,0
511872,0,0,0,0
511874,0,0,0,0
511893,0,0,0,0
511925,0,0,0,0
511943,0,0,0,0
512208,0,0,0,0
512216,0,0,0,0
512239,0,0,0,0
512249,0,0,1,0
512349,0,0,0,0
512352,0,0,0,0
512381,0,0,0,0
512384,0,0,0,0
512643,0,2,0,0
512644,0,0,0,0
512664,0,0,0,0
512745,0,0,0,0
512796,0,0,1,0
512808,0,0,0,0
512950,0,0,2,0
513067,0,0,0,0
513336,0,0,0,0
513468,0,0,0,0
513485,0,0,0,0
513555,0,0,0,0
513673,0,0,0,0
513700,0,0,0,0
513708,1,1,0,2
513733,0,0,0,0
513751,0,0,0,0
513770,2,0,2,0
513773,0,0,0,0
513905,0,0,0,0
513975,0,0,0,0
514017,0,0,0,0
514102,0,0,0,0
514404,0,0,0,0
514419,0,0,0,0
514438,0,0,0,0
514497,0,0,0,0
514534,0,0,0,0
514538,0,0,0,0
514713,0,0,0,0
514769,2,0,0,0
514863,0,0,0,0
514981,0,0,0,0
515072,0,0,0,0
515100,0,0,0,0
515425,0,0,0,0
515440,0,0,0,0
515552,0,0,0,0
515649,0,0,0,0
515704,0,0,0,0
515712,0,0,0,0
515918,0,0,0,0
515919,0,0,0,0
515945,0,0,1,0
516023,0,0,0,0
516091,0,0,0,0
516202,0,0,0,0
516229,1,0,0,0
516314,0,0,0,0
516382,0,0,0,0
516435,0,0,0,0
516514,0,0,0,0
516553,0,0,0,0
516560,0,0,0,0
516724,0,0,1,0
516852,0,0,0,0
517134,1,0,2,0
517387,0,0,0,0
517397,0,0,0,0
517535,0,1,0,0
517618,0,0,0,0
517657,0,0,0,0
517693,0,0,0,0
517713,0,0,0,0
517749,0,0,0,0
517822,0,0,0,0
517867,0,0,0,0
517924,0,0,0,0
517927,0,0,4,0
518138,0,0,0,0
518327,0,0,0,0
518540,0,0,0,0
518593,0,0,0,0
518727,0,0,2,0
518778,0,0,0,0
518898,0,0,0,0
519090,0,0,0,0
519116,0,0,0,0
519141,0,0,0,0
519167,0,1,21,0
519206,0,0,1,0
519239,0,0,2,0
519332,0,0,0,0
519420,0,0,0,0
519453,0,0,0,0
519608,0,0,0,0
519750,0,0,0,0
519841,0,0,3,0
519862,0,0,0,0
519980,0,0,0,1
520138,0,0,0,0
520195,0,0,0,0
520285,0,0,0,0
520297,0,0,0,0
520629,0,0,0,0
520777,0,0,0,0
520811,0,0,1,0
520934,0,0,0,0
521035,0,0,0,0
521107,0,0,0,0
521111,0,0,0,0
521212,1,0,0,0
521375,0,0,0,0
521491,0,0,0,0
521667,0,0,0,0
521691,0,0,0,0
521740,0,0,0,0
521753,0,0,0,0
521772,0,0,0,0
522036,0,0,0,0
522375,0,0,0,0
522390,0,0,0,0
522516,0,0,0,0
522680,0,0,0,0
522864,0,0,0,0
522896,0,0,0,0
523219,0,0,0,0
523342,0,0,0,0
523638,0,0,0,0
523650,0,0,1,0
523673,0,0,0,0
523675,0,0,0,0
523745,0,0,0,0
523768,1,0,0,0
523905,0,0,0,0
524040,0,0,0,0
524048,0,0,1,0
524166,0,0,0,0
524258,0,0,0,0
524498,0,5,3,0
524570,0,0,0,0
524588,1,1,0,0
524660,0,0,0,0
524665,0,0,0,0
524805,0,0,0,0
524871,0,0,0,0
525013,0,0,0,0
525278,0,0,0,0
525332,0,0,0,0
525413,0,0,4,0
525420,0,0,0,0
525654,0,0,0,0
525680,0,0,0,0
525688,0,0,0,0
525715,0,0,0,0
525725,0,6,21,0
525784,0,0,0,0
526024,0,0,0,0
526052,0,0,0,0
526063,0,0,0,0
526091,2,0,1,0
526175,0,0,0,0
526186,2,0,1,0
526218,0,0,0,0
526247,0,0,0,0
526385,0,0,0,0
526400,0,0,0,0
526529,1,0,1,0
526547,0,0,0,0
526687,0,1,2,0
526724,0,0,0,0
526806,0,0,0,0
526813,0,6,0,0
527162,0,0,0,0
527237,0,0,0,0
527414,0,2,6,0
527417,0,0,0,0
527441,0,5,0,0
527923,0,0,0,0
528185,0,0,0,0
528201,0,0,0,0
528236,0,0,0,0
528402,0,0,0,0
528798,0,0,0,0
528817,0,0,0,0
528854,0,0,0,0
529035,0,0,0,0
529189,0,0,0,0
529191,0,0,6,0
529193,0,1,1,0
529194,0,6,0,0
529207,3,1,2,0
529239,0,0,0,0
529279,14,0,32,0
529286,0,0,0,0
529360,0,2,8,0
529504,0,0,0,0
529505,0,0,0,0
529521,0,0,2,0
529523,0,0,0,0
529622,0,0,0,0
529627,0,0,0,0
529719,0,0,0,0
529749,0,0,0,0
529753,0,0,1,0
529778,1,0,1,0
529849,0,0,0,0
529874,0,0,0,0
529927,0,0,9,0
530278,0,0,0,0
530393,0,0,0,0
530497,0,0,0,0
530549,0,0,0,0
530582,0,0,0,0
531782,0,0,3,0
531919,0,0,0,0
532109,0,0,0,0
532187,0,0,0,0
532195,0,0,0,0
532216,0,0,0,0
532336,0,0,0,0
532411,0,0,0,0
532430,0,0,0,0
532592,0,0,0,0
532689,0,0,0,0
532698,0,0,0,0
532845,0,0,0,0
532878,0,0,0,0
532926,0,0,0,0
532948,0,0,0,0
533275,0,0,6,0
533288,0,0,0,0
533312,0,0,0,0
533386,0,0,0,0
533478,0,0,0,0
533705,0,0,0,0
533713,0,0,0,0
533725,2,1,2,0
533750,0,0,0,0
533752,0,0,0,0
533833,0,0,0,0
533849,0,0,0,0
533882,0,0,0,0
533913,1,1,12,0
533917,0,0,0,0
533935,0,0,0,0
533990,0,0,0,0
534111,0,0,0,0
534214,0,0,0,0
534225,0,0,0,0
534242,0,0,0,0
534305,4,3,0,0
534401,0,0,0,0
534410,0,0,0,0
534541,0,0,0,0
534545,0,0,0,0
534547,0,0,0,0
534643,0,2,0,0
534729,0,0,0,0
534751,0,0,0,0
534755,0,0,2,0
535001,1,0,3,0
535105,0,0,0,0
535173,0,0,0,0
535352,0,0,0,0
535362,0,1,0,0
535432,0,0,0,0
535537,0,0,0,0
535653,0,0,0,0
535705,1,0,0,0
535720,0,0,4,0
535723,0,0,0,0
535778,0,0,0,0
536061,0,0,0,0
536097,0,0,0,0
536110,0,0,0,0
536332,0,0,0,0
536341,0,0,0,0
536456,0,0,0,0
536463,0,0,0,0
536486,0,0,5,0
536687,0,0,0,0
536691,0,0,0,0
537048,0,0,6,0
537144,2,0,2,2
537227,4,4,59,0
537476,0,0,0,0
537616,0,0,0,0
537623,0,0,0,0
537666,0,0,0,0
537743,0,0,0,0
538036,0,0,0,0
538066,0,0,0,0
538116,0,0,0,0
538397,0,0,0,0
538488,1,0,3,0
538523,0,0,0,0
538642,0,0,0,0
538693,0,0,0,0
538717,0,0,0,0
538813,0,0,0,0
538821,0,0,0,0
538829,1,0,2,0
538852,0,0,0,0
538997,0,0,0,0
539252,0,0,0,0
539265,0,0,0,0
539285,0,0,1,0
539434,0,0,0,0
539449,0,0,0,0
539543,0,0,0,0
539559,0,0,0,0
539796,0,0,0,0
539966,0,0,0,0
540076,0,0,0,0
540108,0,0,0,0
540201,1,0,0,0
540371,1,0,0,0
540392,0,0,0,0
540641,0,0,0,0
540749,0,0,0,0
540824,0,0,0,0
541004,0,0,0,0
541006,0,0,1,0
541020,0,0,0,0
541037,0,0,0,0
541101,0,0,0,0
541169,0,0,0,0
541540,0,0,0,0
541630,0,0,0,0
541791,0,0,0,0
542165,0,0,1,0
542224,0,0,0,0
542405,0,0,0,0
542646,0,0,0,0
542796,0,0,0,0
542841,0,0,0,0
542852,1,0,0,0
542967,0,0,0,0
542981,0,0,0,0
542998,0,0,0,0
543017,1,0,0,0
543190,0,0,0,0
543192,0,0,0,0
543222,0,4,0,0
543321,0,0,1,0
543364,0,0,0,0
543378,0,0,0,0
543433,0,0,0,0
543493,0,0,0,0
543632,0,0,0,0
543643,0,1,0,0
543780,0,0,0,0
543968,0,0,0,0
544023,1,0,0,0
544042,0,0,0,0
544068,0,0,0,0
544130,0,0,0,0
544326,0,0,0,0
544366,0,0,0,0
544375,0,0,1,0
544463,0,0,0,0
544473,0,0,0,0
544540,0,0,0,0
544821,0,0,0,0
544967,0,0,2,0
545135,0,0,0,0
545170,0,0,0,0
545255,0,0,0,0
545402,0,0,0,0
545428,2,0,1,0
545501,0,0,0,0
545573,0,0,0,0
545633,0,0,0,0
546144,0,0,0,0
546430,1,0,5,0
546512,0,0,0,0
546628,0,0,0,0
546637,0,0,0,0
546681,0,0,0,0
546749,0,0,0,0
547038,0,0,0,0
547052,0,0,0,0
547059,0,0,0,0
547226,1,0,0,0
547293,0,0,0,0
547364,0,0,0,0
547378,0,0,0,0
547383,0,0,0,0
547534,6,0,4,0
547689,0,0,0,0
547769,0,0,0,0
547772,0,0,0,0
547937,0,0,0,0
547989,0,0,0,0
548149,0,0,2,0
548202,0,0,0,0
548214,0,4,2,0
548220,1,0,2,0
548305,0,0,0,0
548371,0,0,0,0
548467,0,0,3,3
548560,0,0,0,0
548575,0,0,0,0
548595,0,0,0,0
548955,0,0,0,0
549029,0,0,0,0
549078,0,0,0,0
549192,1,0,0,0
549254,0,0,0,0
549255,0,0,1,0
549349,0,0,0,0
549367,0,0,0,0
549372,0,0,0,0
549615,0,0,0,0
549853,0,0,0,0
549953,0,0,0,0
550122,0,0,0,0
550219,0,0,0,0
550224,0,0,0,0
550245,0,0,0,0
550325,0,0,0,0
550336,0,0,0,0
550416,1,0,0,0
550452,0,0,0,0
550692,0,0,0,0
550791,0,0,0,0
550882,0,0,0,0
550901,0,0,0,0
550908,0,3,4,0
550946,0,0,0,0
551008,0,0,0,0
551017,0,0,0,0
551092,0,0,0,0
551127,0,0,1,0
551164,2,2,2,0
551168,0,0,0,0
551198,0,0,0,0
551325,0,0,0,0
551391,0,0,0,0
551445,0,2,2,0
551863,0,0,0,0
551912,0,0,0,0
551924,0,0,0,0
551942,0,0,1,0
551967,0,0,0,0
552117,0,0,0,0
552136,0,0,0,0
552225,1,0,1,0
552264,0,0,3,0
552268,0,0,0,0
552343,0,0,0,0
552356,0,0,4,0
552496,0,0,0,0
552514,0,0,0,0
552551,0,0,0,0
552653,0,0,0,0
552855,0,0,0,0
552945,0,0,0,0
553068,0,0,2,0
553400,0,0,0,0
553440,0,0,0,0
553645,0,0,0,0
553735,1,0,1,0
553742,0,0,0,0
553792,0,0,0,0
553805,1,0,0,0
553897,1,0,3,0
553935,1,0,0,0
554181,0,0,0,0
554233,0,0,0,0
554280,0,0,0,0
554344,0,0,0,0
554389,0,0,0,0
554644,0,0,0,0
554762,0,0,0,0
554866,0,0,0,0
554984,1,1,1,0
555102,0,0,0,0
555240,0,0,0,0
555282,0,0,0,0
555326,0,0,0,0
555506,0,0,0,0
555535,0,0,0,0
555601,0,0,0,0
555623,0,0,0,0
555635,0,0,0,0
555663,0,0,0,0
556002,0,0,2,0
556143,0,0,0,0
556167,0,0,0,0
556291,2,0,0,0
556360,0,0,0,0
556589,0,0,0,0
556695,0,0,0,0
556858,0,0,1,0
556943,0,0,0,0
557001,0,0,0,0
557083,0,0,0,0
557116,0,0,0,0
557138,0,0,0,0
557284,0,0,0,0
557312,0,0,1,0
557343,0,0,0,0
557365,1,0,0,0
557412,0,0,0,0
557521,0,0,0,0
557556,0,0,0,0
557577,0,0,1,0
557580,0,0,0,0
557592,0,0,0,0
557598,0,0,2,0
557602,0,0,0,0
557662,0,0,0,0
557715,0,0,0,0
557796,2,0,14,1
557843,0,0,0,0
557910,2,0,0,0
558078,0,0,0,0
558087,0,0,0,0
558105,0,0,0,0
558174,1,1,0,0
558184,0,0,0,0
558209,0,0,0,0
558299,0,0,0,0
558317,0,0,0,0
558415,0,0,0,0
558484,0,0,0,0
558752,0,0,0,0
558754,1,0,1,0
558764,0,0,0,0
558766,0,0,0,0
558894,0,0,0,0
558898,0,0,0,0
558946,0,0,0,0
559062,2,0,8,0
559086,0,0,0,0
559124,0,0,0,0
559234,0,0,0,0
559349,0,0,0,0
559352,0,0,0,0
559406,0,0,0,0
559427,1,0,0,0
559761,0,0,0,0
559957,0,0,0,0
560209,0,0,0,0
560284,9,0,1,0
560345,0,0,0,0
560476,0,0,0,0
560477,1,0,3,0
560535,0,0,0,0
560654,0,0,0,0
560772,0,0,0,0
560815,0,0,0,0
560919,0,0,1,0
560930,0,0,0,0
560951,0,0,0,0
560954,0,0,0,0
561006,0,0,0,0
561049,0,2,0,0
561081,0,0,0,0
561097,0,0,0,0
561280,0,0,0,0
561588,0,0,0,0
561632,0,0,0,0
561637,0,0,0,0
561682,0,0,0,0
561717,0,0,0,0
561865,0,0,0,0
561979,2,0,0,0
562205,0,0,0,0
562249,0,0,0,0
562372,0,0,0,0
562412,0,0,0,0
562537,0,0,0,0
562962,1,0,0,0
563035,0,0,0,0
563074,1,0,0,0
563317,0,0,0,0
563472,0,0,0,0
563478,0,0,0,0
563558,0,0,0,0
563588,0,0,0,0
563590,0,0,0,0
563666,0,0,0,0
563723,0,0,0,0
563764,0,0,0,0
563913,0,0,0,0
564114,0,0,0,0
564164,0,0,3,0
564172,0,0,0,0
564398,0,0,0,0
564445,0,0,0,0
564488,0,0,0,0
564505,0,0,0,0
564619,0,0,0,0
564671,0,0,0,0
564709,0,0,0,0
564741,0,0,0,0
564902,0,0,0,0
565146,0,0,3,0
565189,0,0,0,0
565203,0,0,0,0
565226,0,0,0,0
565376,0,0,0,0
565564,0,0,0,0
565624,0,0,0,0
565641,0,0,0,0
565728,0,0,0,0
565815,0,0,0,0
565886,0,0,0,0
565913,0,0,0,0
565930,0,0,0,0
565941,0,0,0,0
566064,0,0,2,0
566136,0,0,0,0
566213,0,0,0,0
566281,0,0,0,0
566318,0,0,0,0
566436,0,0,0,0
566471,0,0,0,0
566760,0,0,0,0
566849,0,0,0,0
566876,0,0,0,0
567183,0,0,0,0
567285,0,0,0,0
567306,0,0,7,0
567477,0,0,0,0
567478,0,0,0,0
567496,0,0,0,0
567502,0,0,0,0
567653,0,0,0,0
568075,0,0,0,0
568449,0,0,0,0
568493,0,0,0,0
568512,0,0,1,1
568626,0,0,1,0
568629,0,0,0,0
568709,0,0,0,0
568713,0,0,0,0
568800,0,0,0,0
568805,0,0,0,0
568874,0,0,0,0
569117,0,0,0,0
569142,0,0,0,0
569153,0,0,0,0
569219,0,0,2,0
569257,0,0,0,0
569397,0,0,0,0
569399,0,0,0,0
569579,0,0,1,0
569618,0,1,3,0
569750,0,1,4,0
569854,2,0,0,0
569941,0,3,8,0
569943,0,0,0,0
569944,0,0,0,0
569985,0,0,0,0
570287,0,0,0,0
570490,0,0,0,0
570569,0,0,0,0
570579,0,0,0,0
570599,0,0,0,0
570718,0,0,0,0
570814,0,0,0,0
570875,1,0,2,0
570943,0,0,0,0
571042,0,0,5,0
571101,0,0,0,0
571163,0,0,0,0
571358,0,0,0,0
571377,0,0,0,0
571388,0,0,0,0
571448,0,0,0,0
571457,0,0,0,0
571497,0,0,0,0
571606,0,0,0,0
571714,0,0,0,0
571817,0,0,0,0
571889,0,0,0,0
572026,0,0,0,0
572035,0,0,0,0
572055,0,0,0,0
572254,0,0,0,0
572311,0,0,0,0
572425,0,0,1,0
572441,0,0,0,0
572448,1,0,0,0
572755,0,0,0,0
572770,1,0,1,0
572816,2,0,3,0
572923,0,0,0,0
572924,0,0,0,0
572941,2,0,0,0
572979,0,0,0,0
573042,0,0,0,0
573070,0,0,0,0
573132,0,0,0,0
573143,0,0,0,0
573163,0,0,0,0
573249,0,0,0,0
573421,0,0,0,0
573434,0,0,0,0
573513,0,0,0,0
573709,0,0,0,0
573734,2,0,0,0
573784,0,0,0,0
573860,2,0,2,0
573877,0,0,0,0
573909,0,0,0,0
573934,0,0,0,0
573958,0,0,0,0
574003,0,0,0,0
574011,0,0,0,0
574216,0,0,0,0
574365,0,0,0,0
574417,0,0,0,0
574506,0,0,0,0
574511,0,0,0,0
574720,0,0,0,0
574828,0,0,0,0
574989,0,0,0,0
575193,0,0,0,0
575196,0,0,0,0
575222,4,0,0,0
575330,0,0,0,0
575380,0,0,0,0
575527,3,14,0,0
575676,0,1,6,0
575677,0,0,0,0
576231,3,0,12,0
576431,0,6,3,0
576493,1,0,0,0
576601,0,0,0,0
576642,0,0,0,0
576651,0,0,0,0
576689,0,0,0,0
576736,0,0,0,0
576947,0,0,0,0
577015,0,0,0,0
577132,0,0,0,0
577227,0,0,0,0
577257,0,0,0,0
577265,0,0,0,0
577279,0,0,0,0
577582,0,0,2,0
577881,0,0,0,0
578393,0,0,0,0
578417,0,0,0,0
578515,0,0,0,0
578553,0,0,0,0
578605,0,0,0,0
578733,0,0,0,0
578736,0,0,0,0
579017,0,0,0,0
579138,0,0,0,0
579140,0,0,0,0
579167,0,0,0,0
579177,0,0,2,0
579342,0,0,1,0
579386,0,0,0,0
579403,0,0,0,0
579424,0,0,0,0
579429,2,0,7,0
579702,0,0,0,0
579707,0,0,0,0
579810,0,0,0,0
579915,0,0,0,0
579943,0,0,0,0
579959,0,0,0,0
580025,0,0,0,0
580082,2,0,2,0
580097,0,0,4,0
580131,7,4,84,0
580134,0,0,0,0
580165,0,0,0,0
580231,0,0,0,0
580252,0,0,2,0
580266,0,0,0,0
580461,0,0,0,0
580802,0,0,0,0
580814,0,0,0,0
580904,0,0,0,0
580918,0,0,0,0
580940,0,0,0,0
581006,0,0,0,0
581025,0,0,0,0
581229,0,0,0,0
581605,1,0,0,0
581648,1,0,0,0
581662,0,0,0,0
581701,0,0,0,0
581914,0,0,0,0
581918,0,0,0,0
582008,0,0,0,0
582756,0,0,0,0
582848,0,0,0,0
583054,0,0,1,0
583174,0,0,0,0
583334,0,0,0,0
583355,0,0,0,0
583382,0,0,0,0
583424,0,0,0,0
583571,0,0,0,0
583702,0,0,0,0
583746,0,0,0,0
583818,0,0,2,0
584040,0,0,0,0
584053,0,0,0,0
584074,4,0,0,0
584120,0,0,0,0
584281,0,0,0,0
584343,0,0,0,0
584490,0,0,0,0
584620,0,0,0,0
584635,0,0,0,0
584644,0,0,0,0
584666,0,0,4,0
584759,0,0,0,0
584808,0,0,0,0
584919,0,0,0,0
584932,0,0,0,0
584933,0,0,0,0
584939,0,0,0,0
584941,0,0,0,0
585346,0,0,0,0
585352,0,0,0,0
585355,0,0,0,0
585356,0,0,0,0
585376,0,0,0,0
585398,0,0,0,0
585550,0,0,0,0
585674,0,0,0,0
585717,0,0,0,0
585720,0,0,0,0
585740,0,0,0,0
585771,0,0,0,0
585934,0,1,2,0
586056,0,0,0,0
586339,0,0,0,0
586529,0,0,0,0
586653,0,0,0,0
586667,0,0,0,0
586674,0,0,0,0
586736,0,0,0,0
586806,0,0,1,0
586855,0,0,0,0
586877,0,0,0,0
587115,0,0,0,0
587127,0,0,2,0
587187,0,0,0,0
587204,0,0,0,0
587223,0,0,0,0
587666,0,0,0,0
587670,0,0,0,0
587738,0,0,0,0
587846,0,0,0,0
588022,0,0,0,0
588177,0,0,0,0
588244,1,0,0,0
588274,0,0,0,0
588318,0,0,0,0
588319,0,0,0,0
605752,0,0,0,0
605780,0,0,0,0
605855,0,0,0,0
605951,0,0,0,0
606078,0,0,0,0
606179,2,0,0,0
606462,0,0,0,0
606471,0,0,0,0
606479,0,0,0,0
606733,0,0,0,0
606868,0,0,0,0
606984,1,0,0,0
607204,0,0,0,0
607342,0,0,0,0
607504,0,0,0,0
607518,0,0,0,0
607565,0,0,0,0
607647,0,0,0,0
607761,0,0,2,0
607770,0,4,4,0
607808,0,0,0,0
607979,0,0,0,0
607994,0,0,0,0
608217,0,0,0,0
608333,0,0,0,0
608516,0,0,0,0
608655,0,0,0,0
608674,1,0,1,0
608716,0,0,0,0
608915,0,0,3,0
608948,0,0,0,0
609107,2,0,6,0
609176,0,0,0,0
609188,0,0,0,0
609239,0,0,0,0
609269,0,0,1,0
609405,0,0,1,0
609563,0,0,0,0
609787,0,0,0,0
609850,0,0,0,0
609885,0,0,0,0
609946,0,0,0,0
609983,0,0,0,0
610089,0,0,0,0
610246,0,0,0,0
610250,0,0,0,0
610296,0,0,0,0
610373,0,0,0,0
610438,0,0,0,0
610474,0,0,0,0
610487,0,0,0,0
610513,0,0,0,0
610517,0,0,0,0
610581,1,0,0,0
610746,0,0,0,0
610763,0,0,0,0
610807,0,0,0,0
610808,0,0,0,0
610820,0,0,0,0
611001,0,0,0,0
611205,0,0,0,0
611207,0,0,0,0
611219,0,0,0,0
611230,0,0,0,0
611395,0,0,0,0
611421,0,0,0,0
611424,0,0,0,0
611425,0,0,0,0
611584,0,0,0,0
611608,0,0,0,0
611658,0,0,0,0
611793,0,0,0,0
611811,0,0,0,0
611881,0,0,0,0
611939,0,0,9,0
612060,0,0,0,0
612094,0,0,0,0
612095,0,0,0,0
612226,0,0,0,0
612234,0,0,0,0
612319,0,0,0,0
612320,0,0,0,0
612324,0,0,0,0
612369,0,0,0,0
612370,0,0,0,0
612373,0,0,0,0
612392,0,0,3,0
612393,0,0,0,0
612464,0,0,0,0
612512,0,0,0,0
612553,0,0,0,0
612783,2,2,5,0
612868,0,0,0,0
613001,0,0,0,0
613057,0,0,0,0
613111,0,0,0,0
613234,0,0,3,0
613268,0,0,0,0
613396,0,0,0,0
613570,0,0,0,0
613651,0,0,0,0
613860,0,0,0,0
614031,0,0,0,0
614118,0,0,0,0
614208,0,0,0,0
614438,0,0,0,1
614482,0,0,0,0
614534,0,0,6,0
614607,0,0,0,0
614683,0,0,0,0
614818,0,0,1,0
614870,0,0,0,0
614995,0,0,0,0
615423,0,0,0,0
615447,0,0,0,0
615450,0,0,0,0
615779,0,0,0,0
615866,0,0,0,0
615888,0,0,0,0
615926,0,0,0,0
616084,0,0,0,0
616179,0,0,0,0
616218,0,0,0,0
616226,0,0,0,0
616482,1,0,0,0
616488,0,0,0,0
616728,0,0,0,0
617099,0,0,0,0
617340,0,0,1,0
617343,0,0,0,0
617351,0,0,0,0
617593,0,0,0,0
617608,0,0,0,0
617719,0,0,0,0
618033,0,0,0,0
618359,0,0,0,0
618611,0,0,0,0
618930,0,0,0,0
619126,0,0,0,0
619430,0,0,1,0
619434,0,0,0,0
619449,1,0,0,0
619488,0,0,0,0
619586,0,0,0,0
619807,0,0,1,0
620175,0,0,0,0
620289,0,6,4,0
620378,0,0,0,0
620385,0,0,2,0
620401,0,0,0,0
620524,0,0,0,0
620681,1,0,0,0
620694,0,0,0,0
620699,0,0,0,0
620831,0,2,1,0
620919,0,0,0,0
621074,0,0,0,0
621234,0,0,1,0
621322,0,0,0,0
621436,0,0,0,0
621524,0,0,0,0
621617,0,0,0,0
621869,0,0,0,0
621955,0,0,1,0
622116,0,0,0,0
622183,2,2,15,1
622186,0,0,0,0
622230,0,0,0,0
622263,0,0,0,0
622357,0,0,0,0
622789,0,0,0,0
622898,0,0,0,0
622917,0,0,0,0
622969,0,0,2,0
622983,0,0,0,0
623040,0,0,0,0
623391,0,0,0,0
623396,0,0,0,0
623593,0,0,0,0
623612,0,0,0,0
623926,1,0,2,0
623936,0,0,0,0
624012,0,0,0,0
624094,2,0,0,0
624175,0,0,2,0
624456,0,0,0,0
624618,0,0,0,0
624760,0,0,0,0
624977,0,0,0,0
625093,0,0,0,0
625246,0,0,0,0
625374,0,0,0,0
625640,0,0,0,0
625658,0,0,0,0
625673,0,0,0,0
625820,1,0,0,0
625852,0,0,0,0
625929,0,0,0,0
626068,0,0,0,0
626194,0,0,3,0
626385,0,0,0,0
626418,0,0,0,0
626431,0,0,0,0
626512,0,0,0,0
626517,0,0,0,0
626524,0,0,0,0
626555,0,0,0,0
626622,0,0,1,0
626665,0,0,0,0
626769,0,0,0,0
626931,0,0,0,0
627138,0,0,0,0
627176,0,0,0,0
627513,0,0,5,0
627519,0,2,6,0
627529,0,0,0,0
627630,0,0,0,0
627638,0,0,0,0
627652,0,0,0,0
627658,0,0,0,0
627779,0,0,0,0
627941,0,0,1,0
628050,0,0,0,0
628213,0,0,0,0
628363,0,0,0,0
628554,0,0,0,0
628569,0,0,0,0
628633,0,0,0,0
628727,0,0,0,0
629084,0,0,0,0
629145,0,0,0,0
629263,0,0,0,0
629311,1,0,1,0
629451,0,0,0,0
629536,1,0,0,0
629646,0,0,0,0
629649,0,0,0,0
630087,0,0,0,0
630108,0,0,0,0
630156,0,0,0,0
630242,0,0,0,0
630537,0,0,0,0
630599,0,0,0,0
630652,0,0,0,0
630683,0,0,1,0
631059,0,0,0,0
631110,0,0,0,0
631209,0,0,0,0
631395,0,0,0,0
631403,0,0,0,0
631496,0,0,0,0
631538,0,0,0,0
631657,0,0,0,0
631677,0,0,0,0
631816,0,0,0,0
631872,0,0,0,0
632134,0,0,0,0
632621,0,0,0,0
632981,0,0,0,0
633074,0,0,0,0
633076,0,0,0,0
633090,0,0,0,0
633172,0,0,0,0
633175,0,0,0,0
633225,0,0,0,0
633245,0,0,0,0
633255,0,0,0,0
633358,0,0,3,0
633604,0,0,0,0
633607,0,0,0,0
633709,0,0,0,0
633804,0,0,0,0
633822,0,0,0,0
634032,0,0,0,0
634154,0,0,13,0
634361,0,0,0,0
634649,0,0,0,0
634693,0,0,1,0
634707,0,0,1,0
634738,0,0,0,0
634912,1,0,0,0
634970,0,0,0,0
635050,0,0,0,0
635054,0,0,0,0
635389,0,0,0,0
635532,0,0,0,0
635555,0,0,0,0
635571,0,0,0,0
635807,0,0,0,0
636071,0,0,0,0
636310,0,0,0,0
636402,2,1,0,0
636556,0,0,0,0
636652,0,0,0,0
636717,0,0,0,0
636940,0,0,0,0
637162,0,0,0,0
637401,0,0,0,0
637491,0,0,1,0
637525,0,0,0,0
637558,0,0,0,0
637671,0,0,0,0
637689,0,0,0,0
637691,0,0,2,0
637724,0,0,0,0
637817,1,0,0,0
637848,0,0,0,0
637901,0,0,0,0
637928,0,0,0,0
638015,2,5,2,0
638083,0,0,4,0
638133,0,0,0,0
638137,0,0,1,0
638218,0,0,0,0
638242,0,0,0,0
638395,0,0,0,0
638398,0,0,0,0
638492,0,0,0,0
638642,1,0,0,0
638698,0,0,4,0
638963,0,0,0,0
639040,0,0,0,0
639048,0,0,0,0
639421,0,0,0,0
639637,0,0,0,0
639903,0,0,0,0
640017,0,0,0,0
640158,0,0,0,0
640605,0,0,0,0
640611,0,0,0,0
640731,0,0,0,0
640929,0,0,0,0
641017,0,0,0,0
641147,0,0,2,0
641153,0,0,0,0
641222,0,0,0,0
641561,0,0,0,0
641771,1,0,0,0
641801,0,0,0,0
642117,0,0,0,0
642173,0,0,0,0
642193,0,0,5,0
642278,0,0,0,0
642367,0,0,0,0
642413,0,0,0,0
642625,0,0,1,0
642631,1,0,1,0
642656,1,0,0,0
642767,0,0,0,0
642893,0,0,0,0
642915,0,0,0,0
642965,0,0,0,0
642999,1,0,2,0
643586,0,0,0,0
643778,0,0,0,0
643897,0,0,0,0
644013,0,0,0,0
644035,1,0,1,0
644085,0,0,0,0
644377,0,0,0,0
644764,0,0,1,0
645050,0,0,0,0
645132,0,0,0,0
645257,0,0,0,0
645283,0,0,0,0
645438,6,0,5,0
645677,1,1,4,0
645688,0,0,0,0
645780,0,0,0,0
645797,0,0,0,0
645978,0,0,0,0
645988,0,0,0,0
646054,0,0,0,0
646147,1,0,0,0
646336,0,0,0,0
646474,0,0,0,0
646601,0,0,1,0
646633,0,0,0,0
646932,0,0,0,0
647120,4,2,31,0
647142,2,0,3,0
647157,0,0,0,0
647319,0,2,0,0
647436,0,0,0,0
647621,0,0,0,0
647686,2,0,5,0
647722,0,0,0,0
647758,0,0,0,0
647819,0,0,0,0
648016,1,0,1,0
648065,0,0,15,0
648299,0,0,0,0
648487,0,0,0,0
648589,0,0,0,0
648776,0,0,0,0
648843,0,0,0,0
648965,0,0,0,0
649000,0,0,0,0
649328,0,0,0,0
649333,0,0,0,0
649348,1,0,0,0
649483,0,0,0,0
649592,0,0,0,0
649713,0,0,0,0
649799,0,1,0,0
649945,0,0,1,0
651203,0,0,0,0
651211,0,0,0,0
651557,0,0,0,0
651808,1,0,0,0
651851,0,0,0,0
651865,0,0,0,0
652249,0,0,0,0
652263,0,0,0,0
652396,0,0,0,0
652994,0,0,0,0
653066,0,4,0,0
653067,0,0,7,0
653069,0,0,1,0
653073,1,0,0,0
653209,0,0,0,0
653250,0,0,0,0
653718,0,0,0,0
653861,0,0,0,0
653895,0,0,0,0
653969,0,0,0,0
654048,0,0,0,0
654227,0,0,0,0
654317,0,0,0,0
654393,0,0,0,0
654397,0,0,0,0
654598,0,0,0,0
654623,0,0,0,0
654630,0,0,0,0
654768,0,0,0,0
654797,0,2,0,0
654950,0,0,0,0
655185,0,0,0,0
655332,0,0,0,0
655361,0,0,0,0
655394,0,0,0,0
655421,2,0,0,0
655620,0,4,5,0
655645,0,0,0,0
655758,0,0,0,0
655764,0,0,0,0
655784,0,0,0,0
655857,0,0,0,0
656202,0,0,0,0
656355,0,0,0,0
656430,0,0,0,0
656672,0,0,0,0
656720,0,0,0,0
657169,0,0,5,0
657464,1,2,3,0
657591,0,0,4,0
657736,0,0,0,0
657746,0,0,4,0
657756,0,0,0,0
657788,0,0,0,0
657866,0,0,0,0
657998,0,0,0,0
658008,0,0,1,0
658227,0,0,0,0
658236,0,0,0,0
658326,2,0,0,0
658383,0,0,1,0
658477,0,0,0,0
658598,0,0,0,0
658599,0,0,0,0
658643,0,0,0,0
658668,0,0,0,0
658714,0,0,0,0
658716,0,0,0,0
658799,0,0,0,0
658925,0,0,0,0
658978,0,0,0,0
659031,0,0,0,0
659054,0,0,0,0
659320,0,0,0,0
659398,0,0,0,0
659635,0,0,0,0
660227,0,0,0,0
660282,0,0,0,0
660328,1,0,0,0
660359,0,0,0,0
660596,5,0,6,0
660624,0,1,3,0
660693,0,0,0,0
660866,0,0,0,0
660991,0,0,0,0
661004,0,0,0,0
661067,0,0,0,0
661073,0,0,0,0
661266,0,0,1,0
661272,0,0,0,0
661279,0,0,0,0
661413,0,0,0,0
661492,0,0,0,0
661715,0,0,0,0
661725,0,0,0,0
661833,0,0,0,0
662185,0,0,0,0
662321,0,0,0,0
662400,0,0,3,0
662523,0,0,0,0
662526,0,0,0,0
662544,0,0,0,0
662576,0,0,0,0
662839,0,0,0,0
663017,0,0,0,0
663018,0,0,0,0
663093,0,0,0,0
663121,2,0,1,0
663229,0,0,0,0
663468,0,0,0,0
663545,0,0,0,0
663623,0,0,0,0
663637,0,0,0,0
663907,0,0,0,0
663936,0,0,0,0
663939,0,0,0,0
664001,0,0,0,0
664368,0,0,0,0
664371,0,0,0,0
664468,0,0,2,0
664584,0,0,0,0
664699,0,0,0,0
664705,0,0,0,0
664799,1,0,0,0
664830,0,0,0,0
664880,0,0,0,0
664893,0,0,0,0
664930,0,0,0,0
664958,0,0,0,0
664960,2,0,0,0
664965,0,0,0,0
665039,0,0,0,0
665041,0,0,0,0
665043,0,0,0,0
665323,0,0,0,0
665353,0,0,0,0
665378,0,0,0,0
665692,0,0,5,0
665977,0,0,0,0
666002,0,0,0,1
666030,0,0,0,0
666055,0,5,0,0
666116,1,0,0,0
666140,0,0,0,0
666199,0,0,0,0
666245,0,0,2,0
666375,0,0,0,0
666428,0,0,0,0
666491,0,0,0,0
666542,0,0,0,0
666610,0,0,0,0
666839,0,0,0,0
666978,0,0,0,0
666985,0,0,0,0
667059,0,0,0,0
667201,0,0,0,0
667205,0,0,0,0
667290,0,0,0,0
667355,0,0,0,4
667439,0,0,0,0
667502,0,0,0,0
667505,0,0,0,0
667819,0,0,0,0
667912,0,0,0,0
668015,1,0,0,0
668141,0,0,0,0
668300,0,0,0,0
668600,0,0,0,0
668645,0,0,0,0
668686,1,0,2,0
668687,0,0,0,0
668689,0,0,2,0
668785,2,0,0,0
668788,0,0,0,0
668792,0,0,0,0
668801,0,0,0,0
668952,0,0,0,0
669142,0,2,8,0
669255,0,0,0,0
669261,0,0,0,0
669504,0,0,0,0
669537,0,0,0,0
669606,0,0,0,0
669779,0,0,0,0
669910,1,0,0,0
669971,0,3,2,0
670073,0,0,0,0
670144,0,0,0,0
670208,0,0,0,0
670294,0,0,0,0
670299,0,0,0,0
670374,0,0,0,0
670488,0,0,0,0
670495,0,0,0,0
670537,0,0,0,0
670631,1,0,0,1
670645,0,0,0,0
670688,0,0,0,0
670763,0,0,0,0
670775,2,0,0,0
670820,0,0,0,0
670976,0,0,0,0
671016,0,0,0,0
671049,1,0,0,0
671129,0,0,0,0
671316,1,7,0,0
671381,0,0,0,0
671416,0,0,0,0
671461,0,0,0,0
671538,0,0,0,0
671706,0,0,0,0
671710,0,0,0,0
671722,0,0,0,0
671732,0,0,0,0
671766,0,0,0,0
671840,0,0,2,0
671926,0,0,0,0
671975,0,0,0,0
672074,0,0,0,0
672217,0,0,0,0
672250,0,0,0,0
672251,1,0,2,0
672253,0,0,8,0
672543,0,0,0,0
672622,0,0,0,0
672681,0,0,0,0
672850,0,0,0,0
672980,0,0,0,0
672991,0,0,0,0
673023,0,0,0,0
673103,0,0,0,0
673107,0,0,0,0
673168,0,0,0,0
673479,0,0,0,0
673549,0,1,1,0
673591,0,1,0,0
673607,0,0,0,0
673643,0,0,0,0
673676,0,0,0,0
673686,0,0,0,0
673743,0,0,0,0
673824,1,0,0,0
673839,0,0,0,0
673877,0,0,0,0
673881,0,0,0,0
674143,0,0,0,0
674155,0,0,0,0
674231,0,0,1,0
674263,0,0,0,0
674456,0,2,0,0
674763,0,0,0,0
675310,0,0,0,0
675513,0,0,0,0
675708,0,0,1,0
675895,0,0,0,0
675943,0,0,2,0
676076,0,0,0,0
676599,0,0,0,0
676662,0,0,0,0
676846,0,0,0,0
676900,0,0,0,0
677054,0,0,3,0
677307,0,0,0,0
677378,0,0,0,0
677652,0,0,0,0
677698,0,0,0,0
677864,0,0,0,0
677865,0,0,0,0
677884,0,0,1,0
677958,0,0,0,0
678002,0,0,0,0
678017,0,0,0,0
678103,2,0,9,0
678159,0,0,0,0
678258,0,0,0,0
678705,0,0,0,0
678712,0,0,0,0
678904,0,0,0,0
678994,0,0,4,0
679089,0,0,1,0
679147,0,0,0,0
679202,0,0,2,0
679540,0,0,0,0
679554,0,0,0,0
679908,0,0,0,0
679994,0,0,2,0
679996,2,1,0,0
680053,1,0,2,0
680060,0,0,0,0
680086,0,0,0,0
680100,0,0,0,0
680225,0,0,0,0
680277,0,0,0,0
680337,0,0,0,0
680460,0,0,0,0
680595,0,0,0,0
680670,0,0,2,0
680928,0,0,0,0
681358,0,0,0,0
681364,0,0,0,0
681797,0,0,0,0
681821,0,0,0,0
681846,0,0,0,0
682117,0,0,0,0
682193,0,0,0,0
682322,0,0,0,0
682324,0,0,0,0
682348,0,0,0,0
682485,0,0,2,0
682564,0,0,0,0
682767,0,0,0,0
683023,0,0,0,0
683354,0,0,0,0
683381,0,0,0,0
683384,1,0,0,0
683398,0,0,0,0
686073,0,0,0,0
686127,0,0,0,0
686410,0,0,0,0
686488,0,0,0,0
686521,0,0,0,0
686578,0,0,0,0
686649,0,10,18,0
686824,1,0,0,0
686847,0,0,0,0
686976,0,0,0,0
687005,0,0,0,0
687122,0,0,0,0
687166,0,0,0,0
687325,0,0,0,0
687370,0,1,3,0
687686,0,0,0,0
687751,0,0,0,0
688228,0,0,0,0
688243,0,0,0,0
688638,0,0,0,0
688647,0,0,0,0
689900,0,0,0,0
689906,0,0,0,0
690041,0,0,0,0
690270,2,0,0,0
690662,0,0,0,0
690839,0,0,0,0
690923,0,0,0,0
690958,0,0,0,0
690999,0,0,0,0
691061,0,0,0,0
691108,0,0,0,0
691256,0,0,0,0
691272,0,0,0,0
691275,0,0,0,0
691409,0,0,0,0
691665,0,0,0,0
691669,0,0,0,0
691675,0,0,0,0
691700,0,0,1,0
691810,0,0,0,0
692055,0,0,0,0
692066,0,0,0,0
692155,0,0,0,0
692232,0,0,0,0
692890,0,0,0,0
693310,0,0,0,0
693417,0,0,0,0
693493,0,0,0,0
693543,0,0,0,0
693636,0,0,0,0
693848,0,0,0,0
693969,0,0,0,0
693984,0,0,0,0
694020,0,0,0,0
694156,0,0,0,0
694575,0,0,0,0
694702,0,2,2,0
694759,0,0,0,0
694806,0,0,0,0
695163,0,0,0,0
696418,0,0,0,0
696556,0,0,0,0
696560,1,0,0,0
696636,0,0,0,0
696688,0,0,0,0
696784,0,0,0,0
696788,0,0,0,0
696831,0,1,3,0
696984,0,0,0,0
696993,0,0,0,0
697181,0,0,0,0
697560,0,0,0,0
697663,0,0,0,0
697695,0,0,0,0
697700,0,0,0,0
699082,0,2,12,0
699229,0,0,0,0
699258,1,0,1,1
699376,0,0,0,0
699894,0,0,0,0
700003,0,0,0,0
700005,0,0,0,0
700033,0,0,0,0
700073,0,0,0,0
700264,1,0,0,0
700275,0,0,0,0
700291,0,0,0,0
700400,0,0,0,0
700703,0,0,0,0
700756,0,0,5,0
700911,0,0,0,0
701601,0,0,0,0
701634,1,0,0,0
702286,0,0,0,0
702822,0,0,0,0
702897,0,0,0,0
703080,0,0,0,0
703564,0,0,0,0
703565,0,0,0,0
703845,0,0,0,0
703898,0,0,0,0
704219,0,0,0,0
704244,1,0,17,0
704434,0,0,0,0
704602,0,0,0,0
704618,0,0,0,0
704782,0,0,0,0
705024,0,0,0,0
705076,0,0,0,0
705184,0,0,0,0
705243,0,0,0,0
705506,0,0,0,0
705572,1,0,0,0
705586,0,0,0,0
705593,0,0,2,0
705734,1,0,0,0
705859,0,0,2,0
705932,0,0,0,0
706379,0,0,0,0
706545,0,0,0,0
706565,0,6,0,0
706662,0,0,0,0
706710,0,0,0,0
706915,0,0,0,0
706975,0,0,0,0
707089,6,0,19,0
707505,0,0,0,0
707530,0,0,0,0
707538,0,0,0,0
708158,0,0,0,0
708509,0,0,0,0
708678,0,0,0,0
708679,0,0,0,0
708747,2,0,2,0
708988,0,0,0,0
709033,0,0,0,0
709110,0,0,0,0
709462,0,0,0,0
709560,0,0,0,0
709564,0,3,0,0
709824,0,0,0,0
710203,0,0,0,0
710204,0,0,0,0
710423,0,0,0,0
710614,0,0,0,0
711158,0,0,0,0
711338,2,4,0,0
714097,0,0,0,0
714155,0,0,0,0
714156,0,0,0,0
714485,0,0,0,0
714741,0,0,0,0
714850,0,1,2,0
714951,0,0,0,0
715775,0,0,1,0
715909,0,0,5,0
715929,0,0,0,0
716159,0,0,0,0
716162,0,0,4,0
716183,0,0,0,0
716236,0,0,0,0
716444,0,0,0,0
716564,0,0,2,0
716864,0,0,1,0
716892,0,0,0,0
716909,0,0,0,0
717190,0,0,0,0
717596,0,0,0,0
717672,1,0,0,0
717960,0,0,0,0
718051,0,0,0,0
718131,1,0,0,0
718320,0,1,1,0
718338,0,0,0,0
718662,0,0,0,0
718688,0,0,0,0
719421,0,0,6,0
719490,0,0,0,0
719624,0,0,0,0
719680,0,0,0,0
719721,0,0,0,0
719866,0,0,0,0
719917,0,0,0,0
720279,0,2,0,0
720317,0,0,0,0
720341,0,0,0,0
720364,0,0,0,3
720755,0,0,0,0
720926,0,0,0,0
721598,0,0,0,0
721641,0,0,0,0
721651,0,0,2,0
721657,0,0,0,0
721974,0,0,0,0
722120,1,0,3,0
722240,0,0,0,0
722468,0,2,12,0
722583,0,0,0,0
722843,0,0,0,0
722919,1,0,1,0
722930,0,0,0,0
723163,0,0,0,0
723388,0,0,0,1
723446,0,0,0,0
723531,0,0,0,0
723553,0,0,0,0
723561,0,0,0,0
723655,1,0,3,0
723707,0,0,0,0
723775,0,0,0,0
724051,0,0,8,0
724359,1,0,3,0
724854,0,0,0,0
724889,0,0,0,0
724890,0,0,0,0
724908,0,9,0,0
724945,0,0,6,0
725061,0,0,0,0
725375,0,0,0,0
725489,0,0,1,0
725594,0,0,0,0
725719,0,0,0,0
725726,0,0,0,0
725800,0,0,0,0
725903,0,0,0,0
726170,6,4,1,0
726240,0,0,0,0
726596,0,0,0,0
726828,0,4,5,0
726844,0,0,0,0
726845,0,0,0,0
726871,0,0,0,0
726974,0,0,0,0
727185,0,0,1,0
727189,0,0,1,0
727276,0,0,0,0
727341,0,0,0,0
727813,0,0,0,0
727827,0,0,0,0
727832,0,0,0,0
727973,0,0,0,0
727998,0,0,0,0
728166,0,0,0,0
728219,0,0,0,0
728390,0,0,0,0
728417,0,0,0,0
728625,0,0,0,0
728628,0,0,0,0
728687,0,0,0,0
728816,0,0,0,0
728875,0,0,0,0
728925,2,0,0,0
729132,0,0,0,0
729283,0,0,0,0
729296,1,0,0,0
729393,0,0,0,0
729471,0,0,0,0
729640,0,0,0,0
729654,0,0,0,0
729660,0,0,0,0
729667,0,0,0,0
729995,2,0,0,0
730066,0,0,0,0
730121,0,0,0,0
730244,0,0,0,0
730320,0,0,0,0
730398,0,0,0,0
730492,0,0,0,0
730919,0,0,0,0
730934,0,0,0,0
731337,0,0,3,0
731607,0,0,0,0
731948,0,0,0,0
731949,0,0,0,0
732006,0,0,0,0
732023,0,0,0,0
732087,1,0,2,0
732430,0,0,0,0
732564,0,0,0,0
732595,1,0,1,0
732738,0,0,0,0
732939,0,0,0,0
732980,0,0,0,0
733022,0,0,0,0
733209,0,5,1,0
733343,0,0,0,0
733485,0,0,0,0
733551,0,0,0,0
733765,0,0,0,0
733882,0,0,0,0
734341,1,0,0,0
734636,0,0,0,0
734758,0,0,0,0
734848,0,0,0,0
734871,1,0,8,0
734990,0,0,0,0
734993,0,0,0,0
735028,0,0,0,0
735043,0,0,0,0
735072,0,0,0,0
735156,4,0,0,0
735275,0,0,0,0
735347,0,0,1,0
735508,0,0,1,0
735749,0,0,0,0
735750,0,0,0,0
735771,0,0,0,0
735933,0,0,0,0
735948,0,0,3,0
736174,0,0,1,0
736217,0,0,0,0
736251,0,0,0,0
736263,0,0,0,0
736431,0,0,0,0
736526,1,0,0,0
736540,0,0,0,0
736716,0,1,0,0
737153,2,0,2,0
737284,0,0,0,0
737423,0,0,0,0
737447,0,0,0,0
737469,0,0,0,0
737472,1,0,0,0
737803,3,0,15,0
737832,0,0,0,0
738077,0,0,0,0
738228,0,0,0,0
738248,1,0,0,0
738266,0,0,0,0
738297,0,0,0,0
738298,0,0,0,0
738474,0,0,0,0
738538,0,0,0,0
738669,1,0,0,0
738674,0,0,0,0
738689,0,0,0,0
738694,0,0,0,0
738699,0,0,0,0
738710,0,0,0,0
739154,0,0,0,0
739164,0,0,0,0
739193,0,0,0,0
739410,0,0,0,0
739434,0,0,0,0
739448,0,0,0,0
739565,0,0,0,0
739669,0,0,2,0
739759,0,0,0,0
739765,0,0,0,0
740028,0,0,0,0
740191,0,0,0,0
740263,1,0,12,0
740364,0,0,0,0
740452,0,0,0,0
740646,0,0,0,0
740694,0,0,0,0
740976,0,0,0,0
741120,0,0,0,0
741323,2,0,0,0
741360,0,0,0,0
741394,0,0,0,0
741515,0,0,1,0
741595,0,0,0,0
741689,0,0,0,0
741691,0,0,0,0
741697,0,0,0,0
741718,0,0,0,0
741795,0,0,0,0
741798,0,0,0,0
741866,0,0,0,0
741897,0,0,0,0
741955,0,0,0,0
741966,0,0,0,0
742037,0,0,0,0
742224,0,0,0,0
742312,0,0,0,0
742529,0,0,0,0
742650,0,0,0,0
742695,0,0,0,0
742870,0,0,1,0
742898,0,0,0,0
742929,0,0,2,0
743011,0,0,0,0
743048,0,0,0,0
743321,0,0,0,0
743487,0,0,0,0
743639,0,0,0,0
744084,0,0,1,0
744144,0,0,0,0
744188,0,0,0,0
744232,0,0,0,0
744709,0,0,0,0
744804,0,0,0,0
745267,1,0,0,0
745305,0,0,0,0
745382,0,0,0,0
745396,0,0,0,0
745418,0,0,0,0
745554,0,0,0,0
745632,0,0,0,0
745678,0,0,0,0
745720,0,0,0,0
745749,0,0,0,0
745765,0,0,0,0
745837,0,0,0,0
745874,0,0,0,0
746142,0,0,0,0
746240,0,0,0,0
746248,2,2,2,0
746394,0,0,0,0
746395,0,0,0,0
746463,0,0,0,0
746780,0,0,0,0
746786,0,0,0,0
746861,0,0,0,0
746917,0,0,0,0
746922,0,0,0,0
746927,0,0,0,0
746929,0,0,2,0
747058,0,0,1,0
747248,0,0,0,0
747251,0,0,0,0
747341,0,0,2,0
747367,0,0,0,0
747489,0,0,12,0
747507,0,0,0,0
747940,0,0,0,0
748825,0,0,0,0
748852,0,0,2,0
749334,0,0,0,0
749414,0,0,0,0
749494,0,0,0,0
750354,0,0,0,0
750382,0,0,0,0
750701,0,0,0,0
750745,1,0,0,0
750838,0,0,0,0
750976,0,0,0,0
751045,2,0,2,0
751331,0,0,0,0
751477,0,0,0,0
751558,0,0,0,0
751585,0,0,0,0
751588,1,0,0,0
751607,0,0,0,0
751631,0,0,0,0
751632,0,0,0,0
751642,1,0,2,0
751805,0,0,0,0
751817,0,0,0,0
751926,0,0,0,0
751980,0,0,0,0
752148,0,0,2,0
752153,0,0,0,0
752540,0,0,0,0
752656,0,0,0,0
752869,0,0,0,0
752914,0,0,0,0
752992,0,0,0,0
753234,0,0,0,0
753307,0,0,0,0
753367,0,0,0,0
753368,0,0,0,0
753498,0,0,0,0
753594,0,0,0,0
753666,0,0,0,0
754014,0,0,0,0
754110,0,0,0,0
754137,0,0,1,0
754170,0,0,0,0
754238,0,0,0,0
754342,0,0,0,0
754359,0,0,1,0
754885,0,0,0,0
754948,0,0,0,0
755035,0,0,0,0
755069,0,0,0,0
755217,0,0,0,0
755297,0,0,0,0
755298,0,0,0,0
755358,0,0,0,0
755381,0,0,0,0
755648,0,0,0,0
755716,0,0,0,0
755800,0,0,0,0
755970,0,0,0,0
756036,0,0,0,0
756041,0,0,0,0
756157,0,0,0,0
756205,0,0,0,0
756238,0,0,0,0
756340,0,0,0,0
756700,2,0,1,0
757538,0,0,0,0
757611,0,0,0,0
757665,0,0,0,0
757992,0,0,1,0
758232,0,0,0,0
758410,0,0,0,0
758896,3,0,1,0
759014,0,0,0,0
759055,0,0,0,0
759058,0,0,3,0
759065,4,1,0,0
759100,0,0,0,0
759413,0,0,0,0
759562,1,0,1,0
759648,0,0,0,0
759751,0,0,0,0
759756,0,0,0,0
759765,0,0,0,0
760571,0,0,0,0
760584,0,0,0,0
760618,0,0,0,0
760883,0,0,0,0
760894,0,0,0,0
760943,1,1,2,0
760952,0,0,0,0
760982,0,0,0,0
760993,0,0,0,0
761153,0,0,0,0
761449,0,0,0,0
761587,0,0,0,0
761673,0,0,0,0
761703,0,0,0,0
761732,0,0,0,0
761988,0,1,1,0
762207,0,0,0,0
762315,0,0,0,0
762343,0,0,0,0
762540,0,0,0,0
762834,0,0,0,0
762980,0,0,0,0
763052,0,0,0,0
763131,0,0,0,0
763581,0,0,0,0
763689,1,0,4,0
763879,0,0,0,0
764089,0,0,0,0
764234,0,0,0,0
764353,0,0,0,0
764356,0,0,0,0
764409,1,0,0,0
765049,0,0,0,0
765166,0,0,0,0
765188,0,0,0,0
765697,0,0,0,0
765792,0,0,0,0
765993,0,0,0,0
765994,0,0,0,0
766181,0,0,0,0
766339,0,0,0,0
766432,0,0,0,0
766534,0,0,0,0
767279,0,0,0,0
767442,0,0,0,0
767520,0,0,2,0
767659,0,0,0,0
767679,0,0,0,0
767782,0,0,0,0
767843,4,0,0,0
767925,0,0,0,0
768085,0,0,0,0
768342,0,0,0,0
768355,0,0,0,0
768378,0,0,0,0
768693,0,0,0,0
768709,0,0,0,0
768747,0,0,0,0
769106,0,0,0,0
769262,0,0,0,0
769364,0,0,0,0
769680,0,0,0,0
769698,0,0,0,0
770010,0,0,2,0
770044,0,0,0,0
770147,0,0,0,0
770178,0,0,0,0
770594,2,0,2,0
770604,0,0,0,0
770621,0,0,0,0
770809,3,3,1,2
771211,0,4,4,0
771237,0,0,0,0
771313,0,0,0,0
771505,0,0,0,0
771828,0,0,1,0
771877,0,0,0,0
771965,0,0,9,0
772305,0,0,0,0
772997,0,0,2,0
773282,0,0,0,0
773443,0,0,2,0
773545,0,0,1,0
773621,0,0,0,0
773861,0,0,0,0
774031,0,0,0,0
774157,0,0,1,0
774170,0,1,5,0
774193,0,0,0,0
774286,1,0,0,0
774520,0,0,0,0
774530,0,0,0,0
774687,0,0,0,0
774995,0,0,0,0
775126,0,0,0,0
775131,0,0,0,0
775171,0,0,0,0
775535,0,0,0,0
775578,0,0,0,0
775763,0,0,0,0
775980,0,0,0,0
776094,0,0,0,0
776138,0,0,0,0
776196,0,0,0,0
776243,0,0,0,0
776441,0,0,0,0
776646,0,0,0,0
776648,1,0,1,0
776670,0,0,8,0
776725,0,0,0,0
776901,1,0,0,0
776963,0,0,0,0
777152,0,0,0,0
777718,0,0,2,0
778038,1,0,5,0
778084,0,0,0,0
778283,0,0,0,0
778375,0,0,0,0
778655,0,0,0,0
778841,0,0,0,0
779039,0,0,0,0
779044,0,0,0,0
779161,0,0,0,0
779434,0,0,0,0
779698,0,0,0,0
780036,0,0,0,0
780314,0,0,0,0
780794,1,0,0,0
780950,0,0,2,0
780975,0,0,0,0
781127,0,0,0,0
781193,0,0,0,0
781292,0,0,0,0
781307,1,0,0,0
781370,0,0,0,0
781563,0,0,0,0
781576,1,3,14,0
781619,0,0,0,0
781914,0,0,0,0
782017,0,0,0,0
782257,0,0,0,0
782463,0,0,0,0
782510,0,0,0,0
782832,0,0,0,0
782865,0,0,0,0
782986,0,0,0,0
782990,0,0,0,0
783160,0,0,0,0
783378,0,0,0,0
783657,0,0,0,0
783789,0,1,3,0
783807,0,0,0,0
783943,0,0,0,0
784191,3,1,0,0
784243,0,0,0,0
784646,0,0,0,0
784756,0,0,0,0
784796,0,0,0,0
784966,0,0,0,0
785098,0,0,0,0
785184,0,0,10,0
785254,0,0,0,0
785447,0,0,0,0
785689,0,0,0,0
785817,0,0,0,0
786180,0,0,0,0
786336,0,0,0,0
786365,0,0,0,0
786445,0,0,0,0
786653,0,0,0,0
786733,0,0,0,0
788138,1,1,2,0
788614,0,0,0,0
788771,0,0,0,0
789043,0,0,0,0
789125,0,0,0,0
789497,0,0,2,0
789743,0,0,0,0
790179,0,0,0,0
790326,0,0,0,0
790479,0,0,0,0
790592,0,0,0,0
790633,3,0,2,0
790673,0,0,0,0
790760,0,1,1,0
790847,0,0,0,0
790960,0,0,0,0
790963,0,0,0,0
790973,0,0,0,0
790980,0,0,0,0
791332,0,0,0,0
791622,0,0,0,0
791890,0,1,3,0
792008,0,1,3,0
792290,0,0,0,0
792319,2,0,0,1
792379,0,0,0,0
792511,0,0,0,0
793296,0,0,0,0
794301,0,0,0,0
794555,0,0,0,0
795287,1,0,0,0
795942,0,0,1,0
796695,0,0,0,0
797072,0,0,0,0
797185,0,0,0,0
797612,0,0,0,0
797939,0,0,0,0
797980,0,0,0,0
798032,0,0,0,0
798073,0,0,0,0
798350,0,0,0,0
798460,0,0,0,0
798532,0,0,0,0
798630,0,0,2,0
798867,0,0,0,0
798939,0,0,0,0
799249,0,0,0,0
799458,0,0,0,0
799571,0,0,0,0
799615,1,0,0,0
800790,0,0,0,0
800796,0,0,0,0
801437,0,0,0,0
801629,1,0,0,0
802018,0,0,0,0
802152,0,0,0,0
802343,0,0,0,0
802826,0,0,0,0
802937,0,0,0,0
803150,0,0,0,0
803589,0,6,7,0
803839,4,3,2,0
804211,0,0,0,0
804244,0,0,0,0
804753,0,0,0,0
804776,0,0,0,0
805062,0,0,0,0
805203,2,0,0,0
805355,0,0,0,0
805385,0,0,0,0
805421,0,0,0,0
805561,0,0,0,0
805850,0,0,0,0
805955,0,0,0,0
806216,0,0,0,0
806367,0,0,0,0
806419,1,1,5,0
806423,0,0,0,0
806525,0,0,0,0
807262,0,0,0,0
807991,0,0,0,0
808235,0,0,0,0
808314,0,0,0,0
808337,0,0,0,0
808642,0,0,2,0
808716,1,0,2,0
808745,0,0,0,0
808893,0,0,0,0
809808,0,0,0,0
809947,0,0,0,0
810315,0,0,0,0
810806,0,0,0,0
811041,0,0,0,0
811331,0,0,0,0
811501,0,0,0,0
811739,0,0,0,0
812014,0,0,0,0
812064,0,0,0,0
812172,0,0,0,0
812506,2,0,1,0
812514,0,0,0,0
813063,0,0,0,0
813104,0,0,0,0
813513,0,0,0,0
813612,1,0,1,0
813652,0,0,0,0
813661,0,0,0,0
813866,0,0,0,0
813899,0,0,0,0
814380,0,0,0,0
814785,2,0,7,0
815008,0,0,0,0
815036,0,0,0,0
815043,0,0,0,0
815115,0,0,0,0
815235,0,0,0,0
815313,0,0,0,0
815323,0,0,0,0
815449,0,0,0,0
815590,0,0,0,0
815838,0,0,0,0
816145,0,0,0,0
816268,0,0,0,0
816656,0,0,0,0
816782,0,0,0,0
816840,0,0,0,0
816873,0,0,0,0
817077,0,0,0,0
817079,0,0,0,0
817639,0,0,0,0
817960,0,0,0,0
817972,0,0,0,0
818405,0,0,0,0
818585,0,0,0,0
818743,0,0,0,0
818803,0,0,0,0
818894,0,0,0,0
819110,0,0,0,0
819440,0,0,0,0
819636,0,0,0,0
819721,0,0,0,0
819869,0,0,0,0
820000,0,0,0,0
820164,0,0,1,0
820524,0,0,0,0
820785,0,0,0,0
820983,0,0,0,0
821286,0,0,0,0
821620,0,0,0,0
821646,0,0,0,1
821885,0,0,2,0
821937,0,0,0,0
822123,0,0,0,0
822128,0,0,0,0
822163,0,0,0,0
822172,0,0,0,0
822395,0,0,0,0
822405,0,0,0,0
822918,0,0,8,0
823023,0,0,0,0
823232,0,0,0,0
823361,9,0,2,0
823469,0,0,0,0
823482,0,0,0,0
823740,0,0,0,0
823794,0,0,0,0
823839,0,0,0,0
824090,0,0,1,0
824260,0,0,0,0
824303,0,0,0,0
824531,0,0,0,0
824575,0,0,0,0
824696,0,0,0,0
824709,0,4,4,0
824801,0,0,0,0
825001,0,0,0,0
825267,0,0,0,0
825330,0,0,2,0
825464,0,0,0,0
825653,0,0,0,0
825857,1,0,0,0
826603,0,0,0,0
826698,0,0,0,0
826746,0,0,0,0
826824,0,0,0,0
826887,0,0,0,0
826933,0,0,0,0
826964,0,0,0,0
827266,0,0,0,0
827368,0,0,0,0
827518,0,0,0,0
827554,0,0,0,0
827734,0,0,0,0
827787,0,0,0,0
828080,0,0,0,0
828193,0,0,0,0
828784,0,0,0,0
829285,0,0,0,0
829375,2,3,15,0
829431,0,1,0,0
829480,0,0,0,0
829559,0,0,0,0
829587,0,0,0,0
829624,0,0,1,0
829639,0,0,0,0
829717,0,0,0,0
829767,1,1,2,0
830180,0,0,0,0
830187,0,0,0,0
830252,0,0,0,0
830593,0,0,0,0
830626,0,0,0,0
830731,0,0,0,0
830736,0,0,0,0
831006,0,0,0,0
831093,0,0,0,0
831128,0,0,0,0
831337,0,0,0,0
831490,0,0,0,0
831550,0,0,0,0
832148,0,0,1,0
832634,2,0,1,0
832639,0,0,10,0
832674,0,0,0,0
832687,0,0,0,0
832752,0,0,14,0
832829,0,0,0,0
832931,0,0,0,0
833083,0,0,0,0
833123,0,0,0,0
833232,0,0,1,0
833290,0,0,0,0
833343,0,0,0,0
833677,0,0,0,0
833707,0,0,0,0
833721,0,0,0,0
833722,0,0,0,0
833730,0,0,0,0
833838,0,0,0,0
833898,0,0,0,0
833907,0,0,0,0
834196,0,0,0,0
834304,0,0,0,0
834883,0,0,0,0
835378,0,0,0,0
835918,0,0,0,0
835985,0,0,0,13
836576,0,0,0,0
836684,0,5,0,0
836748,1,0,3,0
836874,1,1,2,0
836928,0,0,0,0
836994,1,0,1,0
837101,0,0,0,0
848424,0,0,1,0
848498,0,0,0,0
848681,0,0,0,0
848719,0,0,8,0
848812,1,0,0,0
849051,0,0,0,0
849077,0,0,0,0
849148,0,0,0,0
849159,1,0,2,0
849335,0,0,0,0
849521,0,0,0,0
849533,1,2,3,0
849624,0,0,0,0
850370,0,0,0,0
850432,2,0,1,1
850470,0,0,0,0
850589,0,0,0,0
850602,0,0,0,0
850610,0,0,0,0
850965,1,0,1,0
851385,0,0,0,0
851720,1,0,0,0
851966,0,0,0,0
852391,0,0,0,0
852618,0,0,0,0
852669,0,0,0,0
852916,0,0,0,0
852922,0,0,1,0
852927,0,0,0,0
853463,0,0,0,0
853676,0,0,2,0
853717,0,0,0,0
853929,0,0,0,0
854167,0,0,0,0
855621,0,0,0,0
855665,0,0,0,0
855916,0,0,0,0
856000,0,0,0,0
856009,0,0,0,0
856160,0,0,0,0
856252,0,0,0,0
856274,0,0,0,0
856696,0,0,0,0
856723,0,0,0,0
857135,0,0,1,0
857154,0,0,0,0
857253,0,0,0,0
857280,1,0,1,0
857315,2,1,3,0
857468,1,0,6,0
857486,0,0,0,0
857833,1,0,0,0
857844,0,0,0,0
858273,0,0,0,0
858413,0,0,0,0
858742,0,2,1,0
859005,0,0,0,0
859225,4,0,8,0
859237,0,0,0,0
859246,0,0,0,0
859545,0,0,0,0
859562,0,1,0,0
860941,0,0,0,0
860975,0,0,0,0
861252,0,0,0,0
862387,0,0,0,0
862442,0,0,0,0
862521,0,0,0,0
862552,0,0,0,0
862759,0,0,0,0
862839,0,0,0,0
862858,0,0,0,0
863151,0,0,0,0
863426,0,0,0,0
863518,0,0,0,0
863655,0,0,0,0
863706,0,0,0,0
863834,0,1,0,0
863854,1,0,0,0
863958,0,0,0,0
863962,0,0,0,0
864089,0,0,0,0
864134,0,0,0,0
864475,0,0,0,0
864585,0,0,0,0
864616,0,0,5,9
864653,0,0,0,0
865085,0,0,0,0
865090,0,1,5,0
865649,0,0,0,0
865742,0,0,4,0
865873,0,0,0,0
866485,0,0,0,0
866534,0,0,0,0
866599,0,0,0,0
866637,0,0,0,0
866651,0,0,0,0
866880,0,0,0,0
866897,0,0,0,0
867067,0,0,0,0
867138,0,0,0,0
867515,0,0,0,0
867521,0,0,0,0
867531,0,0,0,0
867587,1,0,1,0
867591,0,0,0,0
867763,0,0,0,0
867792,0,0,0,0
868107,0,0,0,0
868459,0,0,0,0
868644,0,0,0,0
868674,0,5,4,0
868730,0,0,0,0
868766,0,6,6,0
868795,0,0,0,0
868909,0,0,0,0
869059,0,0,0,0
869061,0,0,0,0
869373,0,0,0,0
869424,0,0,1,0
869726,0,0,0,0
869752,0,0,0,0
869777,0,0,0,0
869854,0,0,0,0
869899,0,0,0,0
869939,0,0,0,0
870026,0,0,0,0
870243,0,2,0,0
870510,0,0,0,0
870776,0,0,0,0
870808,0,0,0,0
870887,0,5,0,0
870977,0,0,0,0
871119,0,0,0,0
871130,0,0,1,0
871172,0,0,0,0
871262,0,0,0,0
871345,0,0,0,0
871348,0,1,1,0
871366,0,0,0,0
871717,0,1,2,0
871819,0,0,0,0
871892,0,0,0,0
871945,0,0,0,0
872076,0,0,0,0
872534,0,0,0,0
872622,0,0,0,0
874040,0,0,0,0
874248,0,0,0,0
874317,0,0,0,0
874354,0,0,0,0
874674,0,0,0,0
874828,0,0,0,0
874835,0,0,0,0
874957,1,3,3,0
874998,0,0,0,0
875169,0,0,0,0
875358,0,0,0,0
875367,0,0,0,0
875547,0,0,0,0
876082,0,0,0,0
876114,0,0,0,0
876174,0,0,0,0
876404,0,0,0,0
876477,0,0,0,0
876736,0,0,0,0
876864,0,0,0,0
877209,0,0,0,0
877211,0,0,0,0
877303,0,0,0,0
877362,0,0,0,0
877462,0,0,0,0
877756,0,0,0,0
877918,0,0,0,0
878028,0,0,3,0
878034,0,0,0,0
878068,0,0,0,0
878076,0,0,0,0
878087,0,0,1,0
878162,0,0,0,0
878170,0,0,2,0
878333,0,0,1,0
878685,0,0,0,0
878770,0,0,0,0
878816,0,0,0,0
878877,0,0,0,0
878890,0,0,0,0
878956,1,0,0,0
879266,0,0,0,0
879448,0,0,0,0
879608,1,0,0,0
879703,0,0,0,0
879927,0,0,0,0
880041,0,0,0,0
880086,0,0,0,0
880374,3,0,4,0
881416,0,0,0,0
881523,0,0,0,0
881531,0,0,1,0
881537,0,0,0,0
881569,0,0,0,0
881577,0,0,2,0
881888,0,0,0,0
882186,0,0,0,0
882261,0,0,0,0
882262,0,0,0,0
882339,1,0,1,0
882543,1,0,0,0
882742,0,2,2,1
882800,0,0,0,0
883125,0,0,0,0
883154,0,0,0,0
883340,0,0,0,0
883343,0,0,0,0
883518,0,0,0,0
883792,0,0,0,0
883797,0,0,0,0
883820,0,0,0,0
883915,0,0,6,0
884689,0,0,0,0
884794,0,0,0,0
884812,0,0,0,0
884930,0,0,0,0
885511,0,0,0,0
886006,1,0,0,0
886095,0,0,0,0
886099,0,0,0,0
886270,0,0,0,0
886315,0,0,0,0
886777,0,0,0,0
887128,1,0,1,0
887176,0,0,0,0
887216,0,3,2,0
887397,0,0,0,0
887816,1,0,2,0
888025,1,0,0,0
888133,0,0,0,0
888604,0,0,0,0
888688,0,0,0,0
888725,0,0,0,0
888834,0,0,0,0
889239,0,0,0,0
889294,0,0,0,0
889342,0,0,0,0
889344,0,0,0,0
889451,0,0,0,0
889493,0,0,0,0
889738,0,0,0,0
889955,0,0,0,0
889956,0,0,0,0
890212,0,0,0,0
890273,0,1,0,0
890423,0,0,0,0
890844,0,0,0,0
890949,0,0,0,0
891093,2,0,0,0
891314,0,0,0,0
891758,0,0,0,0
891766,0,0,0,0
892121,2,0,3,0
892148,0,0,0,0
892244,0,0,0,0
892314,0,0,0,0
892396,0,0,0,0
892408,0,0,0,0
892483,0,0,0,0
892672,0,0,1,0
892693,0,0,0,0
892730,2,0,6,0
893867,0,0,0,0
894056,0,0,0,0
894449,0,0,0,0
894467,0,0,0,0
894886,0,0,0,0
895202,0,0,0,0
895205,0,0,0,0
895216,0,0,0,0
895443,0,0,0,0
895580,0,0,0,0
895770,0,0,3,1
895785,0,0,0,0
895837,0,0,1,0
896066,0,0,0,0
896308,0,0,0,0
896633,0,0,0,0
897058,0,0,0,0
897768,0,0,0,0
898677,0,0,0,0
898881,4,0,0,0
899474,3,0,0,0
899690,0,0,0,0
899793,0,0,0,0
900196,0,0,0,0
900197,0,0,0,0
900372,0,0,0,0
900585,1,0,4,0
900673,1,1,3,0
900797,0,0,0,0
900903,1,13,0,0
901078,0,0,0,0
901269,0,0,0,0
901625,0,0,0,0
901664,0,0,4,0
901674,0,0,0,0
902077,0,0,1,0
902128,0,0,0,0
902154,1,0,0,0
902808,0,0,0,0
903049,0,0,0,0
903377,0,0,0,0
903502,1,0,2,0
904232,0,0,0,0
904326,0,0,0,0
905010,0,1,0,0
905101,0,0,2,0
905462,0,0,1,0
906253,0,0,0,0
906522,0,0,0,0
906718,0,0,0,0
907094,0,0,0,0
907166,1,0,0,0
907632,0,0,0,0
908214,0,1,0,0
908867,0,0,0,0
909131,0,0,0,0
909643,0,0,0,0
909974,0,0,2,0
910180,0,0,0,0
910319,0,2,0,0
910611,0,0,0,0
910652,0,0,0,0
911981,0,0,2,0
912344,0,0,0,0
912471,0,0,1,0
912550,0,0,0,0
912604,0,0,0,0
912838,0,0,2,0
912951,0,0,0,0
913114,0,0,0,0
913608,0,0,1,0
913975,0,0,0,0
914403,0,0,0,0
914518,0,0,1,0
914661,1,22,0,0
915498,0,0,0,0
915781,0,0,0,0
915828,0,0,4,0
916492,0,0,1,0
916549,0,0,0,0
916935,0,0,0,0
918406,0,0,0,0
918531,0,0,0,0
918748,0,0,4,0
918769,0,0,0,0
919002,0,0,0,0
919844,0,0,0,0
920225,0,0,0,0
921388,0,0,0,0
921618,0,0,0,0
922021,0,0,0,0
922025,0,0,0,0
922494,0,0,0,0
922750,0,0,0,0
923403,0,0,0,0
923411,0,0,0,0
924606,0,0,0,0
925019,0,0,0,0
925985,0,0,1,0
926083,0,0,0,0
926092,0,0,0,0
926260,0,0,0,0
926387,0,0,0,0
926626,1,0,0,0
927149,0,1,0,0
927415,0,0,0,0
927520,0,0,0,0
927562,0,0,0,0
927708,0,0,0,0
927864,0,0,0,0
928219,0,0,0,0
928258,1,0,4,0
928272,0,0,0,0
928389,0,0,1,0
928640,0,0,0,0
928786,0,0,0,0
928963,0,0,0,0
929175,0,0,0,0
929272,0,0,2,0
929398,0,0,0,0
929552,0,0,0,0
929680,0,0,0,0
929768,0,0,0,0
929862,0,1,2,0
931023,0,0,0,0
931031,0,0,0,0
931181,1,0,0,0
931336,0,0,0,0
931478,0,0,0,0
931714,0,0,0,0
932320,0,0,0,0
932325,0,0,0,0
932330,0,0,0,0
932471,0,0,0,0
932545,0,0,0,0
932572,0,0,3,0
932646,0,0,0,0
932819,0,0,0,0
932868,0,0,4,0
933123,0,0,0,0
933512,1,0,1,0
933821,0,0,0,0
933969,0,0,0,0
933973,0,0,0,0
934267,0,0,0,0
934336,0,0,1,0
934375,0,0,0,0
934728,0,0,0,0
934831,0,0,0,0
935319,0,0,0,0
935345,0,0,0,0
935351,0,0,0,0
935640,0,0,0,0
936059,0,0,0,0
936165,0,0,0,0
936223,0,0,0,0
936431,0,0,0,0
936624,0,0,0,0
936845,0,0,0,0
937034,1,0,2,0
937084,0,0,2,0
937263,0,0,0,0
937516,0,0,0,0
937763,0,0,0,0
938043,0,0,1,0
938393,0,0,0,0
938443,0,0,0,0
938571,0,0,0,0
938852,0,0,2,0
938926,0,0,0,0
938992,0,0,0,0
939055,0,0,0,0
939309,0,0,0,0
939419,0,0,0,0
939456,0,0,0,0
939459,0,0,0,0
940120,2,0,0,0
940855,0,0,0,0
940946,0,0,0,0
941082,0,0,0,0
941791,0,0,1,0
941849,1,0,0,0
942255,1,0,0,0
942261,0,0,0,0
942295,0,0,0,0
942766,1,0,0,0
942839,0,0,0,0
942948,0,0,0,0
942984,0,0,0,0
943366,0,0,0,0
943368,0,0,0,0
943404,1,0,0,0
943672,0,0,0,0
944218,0,0,0,0
944311,0,0,0,0
944383,0,0,0,0
944510,0,0,0,0
944636,1,0,0,0
944819,0,0,0,0
945099,0,2,9,0
945242,2,2,0,0
945541,0,0,0,0
945587,0,0,0,0
945595,0,1,0,0
945695,0,0,0,0
945747,0,0,0,0
946281,0,0,0,0
946301,0,0,0,0
946562,0,0,0,0
947338,0,0,0,0
948650,0,0,0,0
948790,0,0,0,0
948821,0,0,0,0
949285,0,0,0,0
949453,0,0,0,0
949553,0,0,0,0
950035,0,0,2,0
950393,2,0,0,0
950547,0,0,0,0
950978,0,0,0,0
951012,0,0,0,0
951102,0,0,0,0
951127,0,0,0,0
951308,0,0,0,0
951328,0,0,0,0
951648,0,0,0,0
952353,0,0,0,0
952421,0,0,0,0
952578,1,0,0,0
952853,0,0,0,0
953285,0,0,0,0
953849,0,0,0,0
954145,0,0,0,0
954770,0,0,0,0
954868,0,0,0,0
955017,0,0,0,0
955034,0,0,0,0
955055,0,0,0,0
955800,0,0,0,0
955819,0,0,0,0
956045,0,0,0,0
956268,0,0,0,0
956334,0,0,0,0
956402,0,0,0,0
956416,0,0,0,0
956435,0,0,0,0
956743,0,2,0,0
956951,0,0,0,0
957628,1,0,0,0
957830,0,0,0,0
957907,0,0,0,0
957925,0,0,0,0
958168,0,0,0,0
959303,0,0,0,0
959448,0,0,0,4
959816,0,0,0,0
959954,0,1,1,0
960203,0,0,0,0
960599,0,0,0,0
960629,0,0,0,0
960672,0,0,0,0
961217,0,0,0,0
961227,0,0,0,0
961367,0,0,0,0
961394,0,0,2,0
961434,0,0,2,0
961931,0,0,0,0
962372,0,0,0,0
962563,0,0,0,0
962647,0,0,0,0
962849,0,0,0,0
962855,0,0,0,0
962881,0,0,0,0
962914,0,0,0,0
962928,0,0,0,0
963018,0,0,0,0
963306,0,0,0,0
963392,0,0,4,0
963427,0,0,0,0
963428,0,0,0,0
964117,1,0,2,0
964242,1,0,1,0
964366,0,0,7,0
964575,0,0,0,0
965342,0,0,0,0
965355,0,0,0,0
965447,0,0,9,0
965451,0,0,0,0
965462,0,0,0,0
965746,0,0,0,0
965757,0,0,0,0
966131,0,0,4,0
966133,0,0,1,0
966298,0,0,0,0
966508,0,0,0,0
967025,0,0,1,0
967249,0,0,0,0
967252,0,0,0,0
967337,0,0,0,0
967730,0,0,0,0
967762,0,0,4,0
967814,0,0,0,0
968348,1,0,3,0
968368,0,0,0,0
968485,0,0,0,0
968826,0,0,0,0
969024,0,0,0,0
970234,1,0,2,0
970609,0,0,1,0
970743,0,0,0,0
971790,0,0,0,0
972124,0,0,0,0
972132,0,0,0,0
972543,0,0,0,0
976395,0,0,0,2
976744,0,0,0,0
976847,1,0,4,0
977488,0,0,0,0
977531,0,0,1,0
977596,0,0,2,0
977618,0,0,0,0
977865,0,0,0,0
977888,0,0,0,0
978190,0,0,0,0
978908,0,0,0,0
979399,0,0,0,0
979411,0,0,1,0
979569,0,0,0,0
979651,0,0,0,0
979697,0,0,0,0
979761,0,0,4,0
979948,0,0,1,0
979971,0,0,0,0
980185,0,0,0,0
980269,0,0,2,0
980908,0,0,0,0
981083,0,0,0,0
981680,0,0,0,0
981932,0,0,0,0
982013,0,0,0,0
982109,0,0,0,0
982797,0,0,0,0
983120,0,0,0,0
983241,0,0,0,0
983533,0,1,1,0
983670,0,0,0,0
984059,0,0,0,0
984276,0,0,2,0
984518,0,0,0,0
984614,0,0,0,0
984894,0,0,0,0
985032,0,0,0,0
985308,0,0,0,0
985709,1,0,1,0
985710,0,0,0,0
985795,0,0,0,0
986395,0,0,0,0
987119,0,0,1,0
987152,0,0,0,0
987271,0,2,3,0
987722,0,0,0,0
988124,3,0,2,1
988661,0,0,0,0
988721,0,0,0,0
989125,0,0,0,0
989408,0,0,0,0
989890,0,0,0,0
990401,0,0,0,0
990673,0,0,0,0
990692,0,0,0,0
990802,0,0,0,0
991044,0,0,4,0
993303,0,0,3,0
993398,0,0,0,0
993576,0,0,0,0
994289,0,0,0,0
994292,0,0,0,0
995027,0,0,0,0
995428,0,0,0,0
996033,0,0,0,0
996352,0,0,0,0
996756,0,0,0,0
997069,0,0,0,0
997456,0,0,4,0
997484,0,0,0,0
997524,0,0,0,0
997588,0,1,0,0
997722,0,0,0,0
1000275,0,0,0,0
1000874,0,0,0,0
1001628,0,0,0,0
1001740,0,0,0,0
1002298,0,0,0,0
1002351,0,0,0,0
1002779,1,0,0,1
1003662,1,0,0,0
1003692,0,0,0,0
1003725,0,1,1,0
1004179,0,0,1,0
1004301,0,0,0,0
1004497,0,0,0,0
1004505,0,0,0,0
1004560,0,0,0,0
1004609,0,0,0,0
1004630,1,0,0,0
1004759,0,0,0,0
1005250,0,0,1,0
1005377,0,0,0,0
1006019,0,0,0,0
1006021,0,0,1,0
1007088,0,0,0,0
1007127,0,0,0,0
1007370,0,0,0,0
1007431,0,0,0,0
1007549,0,0,0,0
1007677,0,0,0,0
1007788,0,0,0,0
1008619,0,0,0,0
1008804,0,0,0,0
1008900,0,0,0,0
1009130,0,0,0,0
1009382,0,0,0,0
1009756,0,0,0,0
1009765,0,0,0,0
1010173,0,1,0,0
1010941,0,0,0,0
1010962,0,0,0,0
1011536,0,0,0,0
1011751,0,0,0,0
1011797,0,0,11,0
1011864,0,0,0,0
1012402,0,0,0,0
1012441,0,0,0,0
1012567,0,0,0,0
1012696,0,0,0,0
1013249,0,0,0,0
1013274,0,0,0,0
1014080,0,0,0,0
1014117,0,0,0,0
1014130,0,0,0,0
1014247,0,0,0,0
1014435,0,0,0,0
1014497,0,2,2,0
1014582,1,0,1,0
1014624,0,0,0,0
1014744,0,0,1,0
1014810,0,0,0,0
1014826,0,0,0,2
1014886,1,7,15,6
1014905,0,0,0,0
1014981,0,0,0,0
1015389,0,0,0,0
1015912,0,0,0,0
1016215,0,0,10,2
1016244,0,0,0,0
1016529,0,0,0,0
1016601,0,0,2,0
1017424,1,0,0,0
1017657,0,0,0,0
1017744,0,0,0,0
1017830,0,0,0,0
1018011,0,0,0,0
1018058,0,0,1,0
1018134,0,0,0,0
1018463,0,0,0,0
1018587,0,6,1,0
1019126,0,0,0,0
1019374,0,0,0,0
1019446,0,0,0,0
1019534,0,0,1,0
1019938,0,0,0,0
1020245,2,0,12,0
1020304,0,0,0,0
1020322,0,0,0,0
1020598,0,0,0,0
1020645,0,0,0,0
1020992,0,0,0,0
1021683,0,0,0,0
1023382,0,0,0,0
1024577,0,0,0,0
1025195,0,0,0,0
1025232,0,0,0,0
1025694,0,0,0,0
1027085,0,0,0,0
1027089,0,0,0,0
1027540,0,0,0,3
1027891,0,0,0,0
1027949,0,0,0,0
1028199,0,0,0,0
1029497,0,0,0,0
1029714,0,0,0,0
1030910,0,0,1,0
1030990,0,0,0,0
1031067,0,0,0,0
1031777,0,0,0,0
1032596,0,0,0,0
1032708,0,0,0,0
1033146,2,2,5,0
1033270,0,0,1,0
1035134,0,0,0,0
1035173,0,0,0,0
1035278,0,0,0,0
1036010,1,0,1,0
1036451,7,0,9,0
1036452,0,0,0,0
1036494,0,0,0,0
1038177,0,0,0,0
1038888,0,0,0,0
1039921,1,0,23,0
1040282,0,0,0,0
1040415,0,0,0,0
1040428,0,0,0,0
1041020,0,0,0,0
1041056,0,0,0,0
1042459,0,0,0,0
1042566,0,0,0,0
1043297,0,0,0,0
1043438,0,0,0,0
1043690,0,0,0,0
1043971,0,0,0,0
1044067,1,0,15,0
1044846,0,0,8,0
1045095,0,0,0,0
1045217,0,0,0,0
1046307,0,0,0,0
1046374,0,0,0,0
1046449,0,0,0,0
1046484,0,0,0,0
1047057,0,0,0,0
1047195,0,0,0,0
1047510,0,0,5,0
1047676,0,0,0,0
1048007,0,0,10,0
1048141,0,0,0,0
1048441,0,0,0,0
1048588,0,0,0,0
1048881,0,0,0,0
1048907,0,0,0,0
1048933,0,0,0,0
1049322,0,0,0,0
1049623,0,0,0,0
1049766,0,0,0,0
1049770,0,0,0,0
1049941,0,0,1,0
1050296,0,0,0,0
1050327,0,0,0,0
1051051,0,0,0,0
1051166,0,1,2,0
1051228,0,0,0,0
1051539,0,0,0,0
1051837,0,0,0,0
1051998,0,0,2,0
1052752,0,0,0,0
1052855,0,0,0,0
1052874,0,0,0,0
1053390,0,0,0,0
1053710,0,0,0,0
1053955,0,0,1,0
1054108,0,0,0,0
1054345,0,0,0,0
1054652,0,0,0,0
1054799,0,0,0,0
1055539,0,0,0,0
1055657,0,0,0,0
1056918,0,0,0,0
1056961,0,0,0,0
1058087,0,0,0,0
1059202,0,0,0,0
1059321,0,0,0,0
1059396,0,0,0,0
1059415,0,0,0,0
1060147,0,0,0,0
1060408,0,0,0,0
1060648,1,0,0,0
1061180,4,2,0,0
1061592,0,0,0,0
1061714,0,0,0,0
1062550,0,0,0,0
1062705,0,0,0,0
1063047,0,0,0,0
1063538,0,0,0,0
1063565,0,0,0,0
1063707,0,1,8,0
1064003,1,0,1,0
1064005,0,1,3,0
1064088,0,0,1,0
1064206,0,0,0,0
1064342,0,0,0,0
1064614,0,0,0,0
1065103,0,0,1,0
1065235,0,0,0,0
1065751,0,0,0,0
1066089,0,0,0,0
1066541,0,0,0,0
1066798,0,0,4,0
1067032,0,0,4,0
1067169,0,0,0,0
1067525,0,0,0,0
1067782,0,0,0,0
1067865,0,0,0,0
1075146,0,2,0,0
1075455,0,0,0,0
1075820,0,0,0,0
1076560,0,0,0,0
1076571,0,0,0,0
1076816,1,0,2,0
1077258,0,0,0,0
1077328,1,0,0,0
1077423,0,0,0,0
1077617,0,0,0,0
1077761,0,0,0,0
1078005,0,0,0,0
1078332,1,0,0,0
1078352,0,0,0,0
1078451,0,0,0,0
1078563,0,0,0,0
1078732,1,0,0,0
1078805,0,0,0,5
1079303,0,0,0,0
1079764,0,0,0,0
1079785,1,0,0,0
1079827,0,0,0,0
1081505,0,0,0,0
1082431,0,0,0,0
1082470,0,0,0,0
1082542,0,0,0,0
1082842,0,0,0,0
1083032,0,0,0,0
1083252,0,0,0,0
1083967,0,0,0,0
1084366,0,0,0,0
1084626,0,0,2,0
1084792,0,0,0,0
1084802,0,0,0,0
1085224,0,0,0,0
1085451,0,0,0,0
1085564,0,0,0,0
1086918,0,0,0,0
1086974,0,0,0,0
1087594,0,0,0,0
1087761,0,0,0,0
1088452,0,0,0,0
1088563,0,0,0,0
1088761,0,0,0,0
1089395,0,0,0,0
1089745,0,0,0,0
1090349,0,0,0,0
1090565,0,0,0,0
1090744,0,0,0,0
1090907,0,0,0,0
1090942,0,0,0,0
1091044,0,0,0,0
1091419,0,0,0,0
1091511,0,0,0,0
1091857,0,3,0,0
1091940,0,0,0,0
1091976,1,0,0,0
1092368,0,0,0,0
1092461,0,0,0,0
1092575,0,0,0,0
1092905,0,0,0,0
1093456,0,0,0,0
1093568,0,0,0,0
1093786,0,0,0,0
1094091,0,0,0,0
1094581,2,0,2,0
1095228,0,0,0,0
1095305,0,0,0,0
1095539,0,0,0,0
1095886,0,0,0,0
1096126,0,0,0,0
1096358,0,0,0,0
1096621,0,0,0,0
1097158,0,0,0,0
1097159,0,0,0,0
1097190,0,1,0,0
1097584,0,0,0,0
1097589,0,0,0,0
1097771,0,0,0,0
1097801,0,0,0,0
1097826,0,0,0,0
1097999,0,0,0,0
1098024,0,0,0,0
1099660,0,0,0,0
1099701,0,0,0,0
1099778,0,0,0,0
1100047,0,0,0,0
1100370,0,0,0,0
1100549,0,0,0,0
1100557,0,0,0,0
1100605,0,0,0,0
1102314,0,0,0,0
1102839,1,0,9,0
1102859,0,0,0,0
1102979,0,0,0,0
1103014,0,0,0,0
1103028,2,6,6,0
1103040,0,0,0,0
1103161,0,0,0,0
1103169,0,0,0,0
1103205,0,0,0,0
1103320,0,0,0,0
1103540,1,0,0,0
1103678,0,0,0,0
1103841,1,5,6,0
1103866,0,0,0,0
1104055,0,0,0,0
1104588,0,0,0,0
1104636,0,0,0,0
1104754,0,0,0,0
1105155,0,0,0,0
1105465,0,0,0,0
1105645,0,0,0,0
1105668,0,0,0,0
1105756,1,0,0,0
1105974,0,0,0,0
1106135,0,0,0,0
1106345,0,0,2,0
1106633,0,0,0,0
1107212,2,2,0,0
1107215,0,0,0,0
1107250,0,0,0,0
1107302,0,0,0,0
1107334,0,0,0,0
1107627,0,0,0,0
1107645,2,0,0,0
1107989,0,0,0,0
1108150,0,0,0,0
1108824,0,0,0,0
1109161,0,0,0,0
1109601,0,1,0,0
1109976,0,1,0,0
1110644,0,0,0,0
1111117,0,0,0,0
1111219,0,0,0,0
1111321,0,3,2,0
1111885,0,0,0,0
1111901,0,0,0,0
1112662,0,0,0,0
1129864,0,0,0,0
1130326,0,0,3,0
1130516,0,0,0,0
1130759,0,0,3,0
1131001,0,0,0,0
1131111,0,0,1,0
1131465,0,0,0,0
1131512,0,0,0,0
1131537,0,0,0,0
1131990,0,0,0,0
1132348,0,0,0,0
1132913,1,0,0,0
1133031,0,0,1,0
1133045,0,0,0,0
1133235,0,0,0,0
1133306,0,0,1,0
1133497,0,0,0,0
1133544,2,0,9,0
1133554,0,0,0,0
1133569,0,0,0,0
1133644,0,0,0,0
1133727,0,0,0,0
1133927,0,0,0,0
1134086,0,0,0,0
1134108,0,0,0,0
1134348,0,0,5,0
1135150,0,0,0,0
1135567,0,0,0,0
1135582,0,0,0,0
1135776,0,0,0,0
1135789,0,0,0,0
1136092,0,0,0,0
1136107,0,0,0,0
1136108,0,0,0,0
1136223,0,0,0,0
1136425,0,0,0,0
1136430,0,0,1,0
1136684,0,0,0,0
1136908,0,0,0,0
1137143,0,0,0,0
1137188,0,0,4,0
1137503,0,0,0,0
1137574,0,0,0,0
1137716,0,0,0,0
1137718,2,0,2,0
1137867,0,0,0,0
1137995,0,0,0,0
1138005,0,0,0,0
1138600,0,0,0,0
1138864,0,0,0,0
1139043,0,0,0,0
1139061,1,5,7,0
1139098,0,0,0,0
1139284,0,0,0,0
1139297,0,0,0,0
1139363,0,0,0,0
1139600,0,0,0,0
1139646,0,0,0,0
1139760,0,0,0,0
1139783,0,0,0,0
1139860,0,0,0,0
1139967,0,0,2,0
1139986,0,0,0,0
1140055,0,0,1,0
1140076,0,0,1,0
1140388,0,0,0,0
1140592,0,0,0,0
1140666,0,0,0,0
1140754,0,0,0,0
1140920,0,0,0,0
1140977,0,0,0,0
1141346,0,1,1,0
1141426,0,0,0,0
1141492,0,0,0,0
1141562,0,0,1,0
1141854,0,0,0,0
1141940,0,0,0,0
1142233,0,0,0,0
1142500,0,0,1,0
1142903,0,0,0,0
1143072,0,0,0,0
1143243,0,0,0,0
1144026,0,0,0,0
1144292,0,0,0,0
1144398,0,0,0,0
1145398,0,0,0,0
1145431,0,0,0,0
1146276,0,0,0,0
1146314,0,0,0,0
1146382,0,0,0,0
